Domain Code,Domain,Area Code (M49),Area,Element Code,Element,Item Code (CPC),Item,Year Code,Year,Unit,Value,Flag,Flag Description,Note
QCL,Crops and livestock products,356,India,5412,Yield,1654.0,"Anise, badian, coriander, cumin, caraway, fennel and juniper berries, raw",2000,2000,kg/ha,484.0,A,Official figure,
QCL,Crops and livestock products,356,India,5412,Yield,1654.0,"Anise, badian, coriander, cumin, caraway, fennel and juniper berries, raw",2001,2001,kg/ha,430.3,A,Official figure,
QCL,Crops and livestock products,356,India,5412,Yield,1654.0,"Anise, badian, coriander, cumin, caraway, fennel and juniper berries, raw",2002,2002,kg/ha,296.8,A,Official figure,
QCL,Crops and livestock products,356,India,5412,Yield,1654.0,"Anise, badian, coriander, cumin, caraway, fennel and juniper berries, raw",2003,2003,kg/ha,534.5,A,Official figure,
QCL,Crops and livestock products,356,India,5412,Yield,1654.0,"Anise, badian, coriander, cumin, caraway, fennel and juniper berries, raw",2004,2004,kg/ha,553.1,A,Official figure,
QCL,Crops and livestock products,356,India,5412,Yield,1654.0,"Anise, badian, coriander, cumin, caraway, fennel and juniper berries, raw",2005,2005,kg/ha,584.4,A,Official figure,
QCL,Crops and livestock products,356,India,5412,Yield,1654.0,"Anise, badian, coriander, cumin, caraway, fennel and juniper berries, raw",2006,2006,kg/ha,568.1,A,Official figure,
QCL,Crops and livestock products,356,India,5412,Yield,1654.0,"Anise, badian, coriander, cumin, caraway, fennel and juniper berries, raw",2007,2007,kg/ha,701.3,A,Official figure,
QCL,Crops and livestock products,356,India,5412,Yield,1654.0,"Anise, badian, coriander, cumin, caraway, fennel and juniper berries, raw",2008,2008,kg/ha,657.5,A,Official figure,
QCL,Crops and livestock products,356,India,5412,Yield,1654.0,"Anise, badian, coriander, cumin, caraway, fennel and juniper berries, raw",2009,2009,kg/ha,684.4,A,Official figure,
QCL,Crops and livestock products,356,India,5412,Yield,1654.0,"Anise, badian, coriander, cumin, caraway, fennel and juniper berries, raw",2010,2010,kg/ha,736.7,A,Official figure,
QCL,Crops and livestock products,356,India,5412,Yield,1654.0,"Anise, badian, coriander, cumin, caraway, fennel and juniper berries, raw",2011,2011,kg/ha,774.7,A,Official figure,
QCL,Crops and livestock products,356,India,5412,Yield,1654.0,"Anise, badian, coriander, cumin, caraway, fennel and juniper berries, raw",2012,2012,kg/ha,774.6,A,Official figure,
QCL,Crops and livestock products,356,India,5412,Yield,1654.0,"Anise, badian, coriander, cumin, caraway, fennel and juniper berries, raw",2013,2013,kg/ha,784.0,A,Official figure,
QCL,Crops and livestock products,356,India,5412,Yield,1654.0,"Anise, badian, coriander, cumin, caraway, fennel and juniper berries, raw",2014,2014,kg/ha,790.9,E,Estimated value,
QCL,Crops and livestock products,356,India,5412,Yield,1654.0,"Anise, badian, coriander, cumin, caraway, fennel and juniper berries, raw",2015,2015,kg/ha,799.4,E,Estimated value,
QCL,Crops and livestock products,356,India,5412,Yield,1654.0,"Anise, badian, coriander, cumin, caraway, fennel and juniper berries, raw",2016,2016,kg/ha,714.9,A,Official figure,
QCL,Crops and livestock products,356,India,5412,Yield,1654.0,"Anise, badian, coriander, cumin, caraway, fennel and juniper berries, raw",2017,2017,kg/ha,989.0,A,Official figure,
QCL,Crops and livestock products,356,India,5412,Yield,1654.0,"Anise, badian, coriander, cumin, caraway, fennel and juniper berries, raw",2018,2018,kg/ha,961.0,A,Official figure,
QCL,Crops and livestock products,356,India,5412,Yield,1654.0,"Anise, badian, coriander, cumin, caraway, fennel and juniper berries, raw",2019,2019,kg/ha,912.4,A,Official figure,
QCL,Crops and livestock products,356,India,5412,Yield,1654.0,"Anise, badian, coriander, cumin, caraway, fennel and juniper berries, raw",2020,2020,kg/ha,928.5,A,Official figure,
QCL,Crops and livestock products,356,India,5412,Yield,1654.0,"Anise, badian, coriander, cumin, caraway, fennel and juniper berries, raw",2021,2021,kg/ha,998.4,A,Official figure,
QCL,Crops and livestock products,356,India,5412,Yield,1654.0,"Anise, badian, coriander, cumin, caraway, fennel and juniper berries, raw",2022,2022,kg/ha,1009.4,E,Estimated value,
QCL,Crops and livestock products,356,India,5412,Yield,1654.0,"Anise, badian, coriander, cumin, caraway, fennel and juniper berries, raw",2023,2023,kg/ha,1026.4,E,Estimated value,
QCL,Crops and livestock products,356,India,5412,Yield,1341.0,Apples,2000,2000,kg/ha,4565.2,A,Official figure,
QCL,Crops and livestock products,356,India,5412,Yield,1341.0,Apples,2001,2001,kg/ha,5125.0,A,Official figure,
QCL,Crops and livestock products,356,India,5412,Yield,1341.0,Apples,2002,2002,kg/ha,4833.3,A,Official figure,
QCL,Crops and livestock products,356,India,5412,Yield,1341.0,Apples,2003,2003,kg/ha,5880.0,A,Official figure,
QCL,Crops and livestock products,356,India,5412,Yield,1341.0,Apples,2004,2004,kg/ha,7562.6,A,Official figure,
QCL,Crops and livestock products,356,India,5412,Yield,1341.0,Apples,2005,2005,kg/ha,7537.9,A,Official figure,
QCL,Crops and livestock products,356,India,5412,Yield,1341.0,Apples,2006,2006,kg/ha,8005.3,A,Official figure,
QCL,Crops and livestock products,356,India,5412,Yield,1341.0,Apples,2007,2007,kg/ha,6444.4,A,Official figure,
QCL,Crops and livestock products,356,India,5412,Yield,1341.0,Apples,2008,2008,kg/ha,7579.5,A,Official figure,
QCL,Crops and livestock products,356,India,5412,Yield,1341.0,Apples,2009,2009,kg/ha,7244.5,A,Official figure,
QCL,Crops and livestock products,356,India,5412,Yield,1341.0,Apples,2010,2010,kg/ha,6282.1,A,Official figure,
QCL,Crops and livestock products,356,India,5412,Yield,1341.0,Apples,2011,2011,kg/ha,10000.0,A,Official figure,
QCL,Crops and livestock products,356,India,5412,Yield,1341.0,Apples,2012,2012,kg/ha,6845.0,A,Official figure,
QCL,Crops and livestock products,356,India,5412,Yield,1341.0,Apples,2013,2013,kg/ha,6137.8,A,Official figure,
QCL,Crops and livestock products,356,India,5412,Yield,1341.0,Apples,2014,2014,kg/ha,7978.8,A,Official figure,
QCL,Crops and livestock products,356,India,5412,Yield,1341.0,Apples,2015,2015,kg/ha,6689.7,A,Official figure,
QCL,Crops and livestock products,356,India,5412,Yield,1341.0,Apples,2016,2016,kg/ha,9101.1,A,Official figure,
QCL,Crops and livestock products,356,India,5412,Yield,1341.0,Apples,2017,2017,kg/ha,7426.2,A,Official figure,
QCL,Crops and livestock products,356,India,5412,Yield,1341.0,Apples,2018,2018,kg/ha,7730.9,A,Official figure,
QCL,Crops and livestock products,356,India,5412,Yield,1341.0,Apples,2019,2019,kg/ha,7519.5,A,Official figure,
QCL,Crops and livestock products,356,India,5412,Yield,1341.0,Apples,2020,2020,kg/ha,9077.4,A,Official figure,
QCL,Crops and livestock products,356,India,5412,Yield,1341.0,Apples,2021,2021,kg/ha,7271.6,A,Official figure,
QCL,Crops and livestock products,356,India,5412,Yield,1341.0,Apples,2022,2022,kg/ha,8219.0,A,Official figure,
QCL,Crops and livestock products,356,India,5412,Yield,1341.0,Apples,2023,2023,kg/ha,9460.5,A,Official figure,
QCL,Crops and livestock products,356,India,5412,Yield,1343.0,Apricots,2000,2000,kg/ha,2856.4,E,Estimated value,
QCL,Crops and livestock products,356,India,5412,Yield,1343.0,Apricots,2001,2001,kg/ha,2846.0,E,Estimated value,
QCL,Crops and livestock products,356,India,5412,Yield,1343.0,Apricots,2002,2002,kg/ha,2835.5,E,Estimated value,
QCL,Crops and livestock products,356,India,5412,Yield,1343.0,Apricots,2003,2003,kg/ha,2825.1,E,Estimated value,
QCL,Crops and livestock products,356,India,5412,Yield,1343.0,Apricots,2004,2004,kg/ha,2820.4,E,Estimated value,
QCL,Crops and livestock products,356,India,5412,Yield,1343.0,Apricots,2005,2005,kg/ha,2821.6,E,Estimated value,
QCL,Crops and livestock products,356,India,5412,Yield,1343.0,Apricots,2006,2006,kg/ha,2822.8,E,Estimated value,
QCL,Crops and livestock products,356,India,5412,Yield,1343.0,Apricots,2007,2007,kg/ha,2824.0,E,Estimated value,
QCL,Crops and livestock products,356,India,5412,Yield,1343.0,Apricots,2008,2008,kg/ha,2825.1,E,Estimated value,
QCL,Crops and livestock products,356,India,5412,Yield,1343.0,Apricots,2009,2009,kg/ha,2826.3,E,Estimated value,
QCL,Crops and livestock products,356,India,5412,Yield,1343.0,Apricots,2010,2010,kg/ha,2827.5,E,Estimated value,
QCL,Crops and livestock products,356,India,5412,Yield,1343.0,Apricots,2011,2011,kg/ha,2828.7,E,Estimated value,
QCL,Crops and livestock products,356,India,5412,Yield,1343.0,Apricots,2012,2012,kg/ha,2829.9,E,Estimated value,
QCL,Crops and livestock products,356,India,5412,Yield,1343.0,Apricots,2013,2013,kg/ha,2831.0,E,Estimated value,
QCL,Crops and livestock products,356,India,5412,Yield,1343.0,Apricots,2014,2014,kg/ha,2823.1,E,Estimated value,
QCL,Crops and livestock products,356,India,5412,Yield,1343.0,Apricots,2015,2015,kg/ha,2825.2,E,Estimated value,
QCL,Crops and livestock products,356,India,5412,Yield,1343.0,Apricots,2016,2016,kg/ha,2820.7,E,Estimated value,
QCL,Crops and livestock products,356,India,5412,Yield,1343.0,Apricots,2017,2017,kg/ha,2815.4,E,Estimated value,
QCL,Crops and livestock products,356,India,5412,Yield,1343.0,Apricots,2018,2018,kg/ha,2808.0,E,Estimated value,
QCL,Crops and livestock products,356,India,5412,Yield,1343.0,Apricots,2019,2019,kg/ha,2802.2,E,Estimated value,
QCL,Crops and livestock products,356,India,5412,Yield,1343.0,Apricots,2020,2020,kg/ha,2805.2,E,Estimated value,
QCL,Crops and livestock products,356,India,5412,Yield,1343.0,Apricots,2021,2021,kg/ha,2808.2,E,Estimated value,
QCL,Crops and livestock products,356,India,5412,Yield,1343.0,Apricots,2022,2022,kg/ha,2806.5,E,Estimated value,
QCL,Crops and livestock products,356,India,5412,Yield,1343.0,Apricots,2023,2023,kg/ha,2846.8,E,Estimated value,
QCL,Crops and livestock products,356,India,5412,Yield,1379.01,Areca nuts,2000,2000,kg/ha,1137.9,A,Official figure,
QCL,Crops and livestock products,356,India,5412,Yield,1379.01,Areca nuts,2001,2001,kg/ha,1137.9,A,Official figure,
QCL,Crops and livestock products,356,India,5412,Yield,1379.01,Areca nuts,2002,2002,kg/ha,1379.3,A,Official figure,
QCL,Crops and livestock products,356,India,5412,Yield,1379.01,Areca nuts,2003,2003,kg/ha,1176.9,A,Official figure,
QCL,Crops and livestock products,356,India,5412,Yield,1379.01,Areca nuts,2004,2004,kg/ha,1203.3,A,Official figure,
QCL,Crops and livestock products,356,India,5412,Yield,1379.01,Areca nuts,2005,2005,kg/ha,1242.7,A,Official figure,
QCL,Crops and livestock products,356,India,5412,Yield,1379.01,Areca nuts,2006,2006,kg/ha,1267.6,A,Official figure,
QCL,Crops and livestock products,356,India,5412,Yield,1379.01,Areca nuts,2007,2007,kg/ha,1262.9,A,Official figure,
QCL,Crops and livestock products,356,India,5412,Yield,1379.01,Areca nuts,2008,2008,kg/ha,1231.2,A,Official figure,
QCL,Crops and livestock products,356,India,5412,Yield,1379.01,Areca nuts,2009,2009,kg/ha,1243.3,A,Official figure,
QCL,Crops and livestock products,356,India,5412,Yield,1379.01,Areca nuts,2010,2010,kg/ha,1194.7,A,Official figure,
QCL,Crops and livestock products,356,India,5412,Yield,1379.01,Areca nuts,2011,2011,kg/ha,1194.7,A,Official figure,
QCL,Crops and livestock products,356,India,5412,Yield,1379.01,Areca nuts,2012,2012,kg/ha,1467.7,A,Official figure,
QCL,Crops and livestock products,356,India,5412,Yield,1379.01,Areca nuts,2013,2013,kg/ha,1365.5,A,Official figure,
QCL,Crops and livestock products,356,India,5412,Yield,1379.01,Areca nuts,2014,2014,kg/ha,1376.1,A,Official figure,
QCL,Crops and livestock products,356,India,5412,Yield,1379.01,Areca nuts,2015,2015,kg/ha,1660.0,A,Official figure,
QCL,Crops and livestock products,356,India,5412,Yield,1379.01,Areca nuts,2016,2016,kg/ha,1506.3,A,Official figure,
QCL,Crops and livestock products,356,India,5412,Yield,1379.01,Areca nuts,2017,2017,kg/ha,1589.0,A,Official figure,
QCL,Crops and livestock products,356,India,5412,Yield,1379.01,Areca nuts,2018,2018,kg/ha,1676.1,A,Official figure,
QCL,Crops and livestock products,356,India,5412,Yield,1379.01,Areca nuts,2019,2019,kg/ha,1726.1,A,Official figure,
QCL,Crops and livestock products,356,India,5412,Yield,1379.01,Areca nuts,2020,2020,kg/ha,1850.1,A,Official figure,
QCL,Crops and livestock products,356,India,5412,Yield,1379.01,Areca nuts,2021,2021,kg/ha,1968.5,A,Official figure,
QCL,Crops and livestock products,356,India,5412,Yield,1379.01,Areca nuts,2022,2022,kg/ha,1962.3,A,Official figure,
QCL,Crops and livestock products,356,India,5412,Yield,1379.01,Areca nuts,2023,2023,kg/ha,1459.5,A,Official figure,
QCL,Crops and livestock products,356,India,5412,Yield,1312.0,Bananas,2000,2000,kg/ha,30098.6,A,Official figure,
QCL,Crops and livestock products,356,India,5412,Yield,1312.0,Bananas,2001,2001,kg/ha,30480.3,A,Official figure,
QCL,Crops and livestock products,356,India,5412,Yield,1312.0,Bananas,2002,2002,kg/ha,27991.6,A,Official figure,
QCL,Crops and livestock products,356,India,5412,Yield,1312.0,Bananas,2003,2003,kg/ha,27791.0,A,Official figure,
QCL,Crops and livestock products,356,India,5412,Yield,1312.0,Bananas,2004,2004,kg/ha,28399.8,A,Official figure,
QCL,Crops and livestock products,356,India,5412,Yield,1312.0,Bananas,2005,2005,kg/ha,33165.6,A,Official figure,
QCL,Crops and livestock products,356,India,5412,Yield,1312.0,Bananas,2006,2006,kg/ha,34753.1,A,Official figure,
QCL,Crops and livestock products,356,India,5412,Yield,1312.0,Bananas,2007,2007,kg/ha,36205.2,A,Official figure,
QCL,Crops and livestock products,356,India,5412,Yield,1312.0,Bananas,2008,2008,kg/ha,36977.4,A,Official figure,
QCL,Crops and livestock products,356,India,5412,Yield,1312.0,Bananas,2009,2009,kg/ha,34362.6,A,Official figure,
QCL,Crops and livestock products,356,India,5412,Yield,1312.0,Bananas,2010,2010,kg/ha,35879.5,A,Official figure,
QCL,Crops and livestock products,356,India,5412,Yield,1312.0,Bananas,2011,2011,kg/ha,35725.2,A,Official figure,
QCL,Crops and livestock products,356,India,5412,Yield,1312.0,Bananas,2012,2012,kg/ha,34161.1,A,Official figure,
QCL,Crops and livestock products,356,India,5412,Yield,1312.0,Bananas,2013,2013,kg/ha,34642.0,A,Official figure,
QCL,Crops and livestock products,356,India,5412,Yield,1312.0,Bananas,2014,2014,kg/ha,37036.7,A,Official figure,
QCL,Crops and livestock products,356,India,5412,Yield,1312.0,Bananas,2015,2015,kg/ha,35548.7,A,Official figure,
QCL,Crops and livestock products,356,India,5412,Yield,1312.0,Bananas,2016,2016,kg/ha,34643.3,A,Official figure,
QCL,Crops and livestock products,356,India,5412,Yield,1312.0,Bananas,2017,2017,kg/ha,35438.4,A,Official figure,
QCL,Crops and livestock products,356,India,5412,Yield,1312.0,Bananas,2018,2018,kg/ha,34850.7,A,Official figure,
QCL,Crops and livestock products,356,India,5412,Yield,1312.0,Bananas,2019,2019,kg/ha,35173.2,A,Official figure,
QCL,Crops and livestock products,356,India,5412,Yield,1312.0,Bananas,2020,2020,kg/ha,36340.0,A,Official figure,
QCL,Crops and livestock products,356,India,5412,Yield,1312.0,Bananas,2021,2021,kg/ha,35781.4,A,Official figure,
QCL,Crops and livestock products,356,India,5412,Yield,1312.0,Bananas,2022,2022,kg/ha,35854.6,A,Official figure,
QCL,Crops and livestock products,356,India,5412,Yield,1312.0,Bananas,2023,2023,kg/ha,36835.0,A,Official figure,
QCL,Crops and livestock products,356,India,5412,Yield,115.0,Barley,2000,2000,kg/ha,1997.2,A,Official figure,
QCL,Crops and livestock products,356,India,5412,Yield,115.0,Barley,2001,2001,kg/ha,1840.0,A,Official figure,
QCL,Crops and livestock products,356,India,5412,Yield,115.0,Barley,2002,2002,kg/ha,2160.0,A,Official figure,
QCL,Crops and livestock products,356,India,5412,Yield,115.0,Barley,2003,2003,kg/ha,2006.0,A,Official figure,
QCL,Crops and livestock products,356,India,5412,Yield,115.0,Barley,2004,2004,kg/ha,1975.0,A,Official figure,
QCL,Crops and livestock products,356,India,5412,Yield,115.0,Barley,2005,2005,kg/ha,1958.0,A,Official figure,
QCL,Crops and livestock products,356,India,5412,Yield,115.0,Barley,2006,2006,kg/ha,1937.8,A,Official figure,
QCL,Crops and livestock products,356,India,5412,Yield,115.0,Barley,2007,2007,kg/ha,2058.2,A,Official figure,
QCL,Crops and livestock products,356,India,5412,Yield,115.0,Barley,2008,2008,kg/ha,1991.4,A,Official figure,
QCL,Crops and livestock products,356,India,5412,Yield,115.0,Barley,2009,2009,kg/ha,2393.5,A,Official figure,
QCL,Crops and livestock products,356,India,5412,Yield,115.0,Barley,2010,2010,kg/ha,2171.7,A,Official figure,
QCL,Crops and livestock products,356,India,5412,Yield,115.0,Barley,2011,2011,kg/ha,2357.4,A,Official figure,
QCL,Crops and livestock products,356,India,5412,Yield,115.0,Barley,2012,2012,kg/ha,2519.4,A,Official figure,
QCL,Crops and livestock products,356,India,5412,Yield,115.0,Barley,2013,2013,kg/ha,2518.0,A,Official figure,
QCL,Crops and livestock products,356,India,5412,Yield,115.0,Barley,2014,2014,kg/ha,2717.1,A,Official figure,
QCL,Crops and livestock products,356,India,5412,Yield,115.0,Barley,2015,2015,kg/ha,2281.5,A,Official figure,
QCL,Crops and livestock products,356,India,5412,Yield,115.0,Barley,2016,2016,kg/ha,2440.7,A,Official figure,
QCL,Crops and livestock products,356,India,5412,Yield,115.0,Barley,2017,2017,kg/ha,2662.8,A,Official figure,
QCL,Crops and livestock products,356,India,5412,Yield,115.0,Barley,2018,2018,kg/ha,2694.9,A,Official figure,
QCL,Crops and livestock products,356,India,5412,Yield,115.0,Barley,2019,2019,kg/ha,2837.2,A,Official figure,
QCL,Crops and livestock products,356,India,5412,Yield,115.0,Barley,2020,2020,kg/ha,2920.5,A,Official figure,
QCL,Crops and livestock products,356,India,5412,Yield,115.0,Barley,2021,2021,kg/ha,2795.7,A,Official figure,
QCL,Crops and livestock products,356,India,5412,Yield,115.0,Barley,2022,2022,kg/ha,3025.1,A,Official figure,
QCL,Crops and livestock products,356,India,5412,Yield,115.0,Barley,2023,2023,kg/ha,3044.5,A,Official figure,
QCL,Crops and livestock products,356,India,5412,Yield,1701.0,"Beans, dry",2000,2000,kg/ha,487.1,A,Official figure,
QCL,Crops and livestock products,356,India,5412,Yield,1701.0,"Beans, dry",2001,2001,kg/ha,547.6,A,Official figure,
QCL,Crops and livestock products,356,India,5412,Yield,1701.0,"Beans, dry",2002,2002,kg/ha,333.5,A,Official figure,
QCL,Crops and livestock products,356,India,5412,Yield,1701.0,"Beans, dry",2003,2003,kg/ha,456.2,A,Official figure,
QCL,Crops and livestock products,356,India,5412,Yield,1701.0,"Beans, dry",2004,2004,kg/ha,328.4,A,Official figure,
QCL,Crops and livestock products,356,India,5412,Yield,1701.0,"Beans, dry",2005,2005,kg/ha,326.9,A,Official figure,
QCL,Crops and livestock products,356,India,5412,Yield,1701.0,"Beans, dry",2006,2006,kg/ha,382.5,A,Official figure,
QCL,Crops and livestock products,356,India,5412,Yield,1701.0,"Beans, dry",2007,2007,kg/ha,393.0,E,Estimated value,
QCL,Crops and livestock products,356,India,5412,Yield,1701.0,"Beans, dry",2008,2008,kg/ha,376.3,E,Estimated value,
QCL,Crops and livestock products,356,India,5412,Yield,1701.0,"Beans, dry",2009,2009,kg/ha,405.0,E,Estimated value,
QCL,Crops and livestock products,356,India,5412,Yield,1701.0,"Beans, dry",2010,2010,kg/ha,444.5,E,Estimated value,
QCL,Crops and livestock products,356,India,5412,Yield,1701.0,"Beans, dry",2011,2011,kg/ha,393.6,E,Estimated value,
QCL,Crops and livestock products,356,India,5412,Yield,1701.0,"Beans, dry",2012,2012,kg/ha,413.2,E,Estimated value,
QCL,Crops and livestock products,356,India,5412,Yield,1701.0,"Beans, dry",2013,2013,kg/ha,441.8,E,Estimated value,
QCL,Crops and livestock products,356,India,5412,Yield,1701.0,"Beans, dry",2014,2014,kg/ha,423.0,E,Estimated value,
QCL,Crops and livestock products,356,India,5412,Yield,1701.0,"Beans, dry",2015,2015,kg/ha,414.0,E,Estimated value,
QCL,Crops and livestock products,356,India,5412,Yield,1701.0,"Beans, dry",2016,2016,kg/ha,413.7,E,Estimated value,
QCL,Crops and livestock products,356,India,5412,Yield,1701.0,"Beans, dry",2017,2017,kg/ha,413.7,E,Estimated value,
QCL,Crops and livestock products,356,India,5412,Yield,1701.0,"Beans, dry",2018,2018,kg/ha,413.8,E,Estimated value,
QCL,Crops and livestock products,356,India,5412,Yield,1701.0,"Beans, dry",2019,2019,kg/ha,414.2,E,Estimated value,
QCL,Crops and livestock products,356,India,5412,Yield,1701.0,"Beans, dry",2020,2020,kg/ha,414.9,E,Estimated value,
QCL,Crops and livestock products,356,India,5412,Yield,1701.0,"Beans, dry",2021,2021,kg/ha,415.8,E,Estimated value,
QCL,Crops and livestock products,356,India,5412,Yield,1701.0,"Beans, dry",2022,2022,kg/ha,416.4,E,Estimated value,
QCL,Crops and livestock products,356,India,5412,Yield,1701.0,"Beans, dry",2023,2023,kg/ha,417.1,E,Estimated value,
QCL,Crops and livestock products,356,India,5412,Yield,1212.0,Cabbages,2000,2000,kg/ha,22878.0,A,Official figure,
QCL,Crops and livestock products,356,India,5412,Yield,1212.0,Cabbages,2001,2001,kg/ha,22438.9,A,Official figure,
QCL,Crops and livestock products,356,India,5412,Yield,1212.0,Cabbages,2002,2002,kg/ha,22000.0,A,Official figure,
QCL,Crops and livestock products,356,India,5412,Yield,1212.0,Cabbages,2003,2003,kg/ha,23062.4,A,Official figure,
QCL,Crops and livestock products,356,India,5412,Yield,1212.0,Cabbages,2004,2004,kg/ha,21931.0,A,Official figure,
QCL,Crops and livestock products,356,India,5412,Yield,1212.0,Cabbages,2005,2005,kg/ha,21242.2,A,Official figure,
QCL,Crops and livestock products,356,India,5412,Yield,1212.0,Cabbages,2006,2006,kg/ha,22237.9,A,Official figure,
QCL,Crops and livestock products,356,India,5412,Yield,1212.0,Cabbages,2007,2007,kg/ha,22425.7,A,Official figure,
QCL,Crops and livestock products,356,India,5412,Yield,1212.0,Cabbages,2008,2008,kg/ha,22218.0,A,Official figure,
QCL,Crops and livestock products,356,India,5412,Yield,1212.0,Cabbages,2009,2009,kg/ha,22145.7,A,Official figure,
QCL,Crops and livestock products,356,India,5412,Yield,1212.0,Cabbages,2010,2010,kg/ha,24230.9,A,Official figure,
QCL,Crops and livestock products,356,India,5412,Yield,1212.0,Cabbages,2011,2011,kg/ha,21542.0,A,Official figure,
QCL,Crops and livestock products,356,India,5412,Yield,1212.0,Cabbages,2012,2012,kg/ha,21569.2,A,Official figure,
QCL,Crops and livestock products,356,India,5412,Yield,1212.0,Cabbages,2013,2013,kg/ha,22940.9,A,Official figure,
QCL,Crops and livestock products,356,India,5412,Yield,1212.0,Cabbages,2014,2014,kg/ha,22590.1,A,Official figure,
QCL,Crops and livestock products,356,India,5412,Yield,1212.0,Cabbages,2015,2015,kg/ha,22240.9,A,Official figure,
QCL,Crops and livestock products,356,India,5412,Yield,1212.0,Cabbages,2016,2016,kg/ha,22350.3,A,Official figure,
QCL,Crops and livestock products,356,India,5412,Yield,1212.0,Cabbages,2017,2017,kg/ha,22296.2,A,Official figure,
QCL,Crops and livestock products,356,India,5412,Yield,1212.0,Cabbages,2018,2018,kg/ha,22649.1,A,Official figure,
QCL,Crops and livestock products,356,India,5412,Yield,1212.0,Cabbages,2019,2019,kg/ha,22817.5,A,Official figure,
QCL,Crops and livestock products,356,India,5412,Yield,1212.0,Cabbages,2020,2020,kg/ha,23122.2,A,Official figure,
QCL,Crops and livestock products,356,India,5412,Yield,1212.0,Cabbages,2021,2021,kg/ha,23203.9,A,Official figure,
QCL,Crops and livestock products,356,India,5412,Yield,1212.0,Cabbages,2022,2022,kg/ha,23227.0,A,Official figure,
QCL,Crops and livestock products,356,India,5412,Yield,1212.0,Cabbages,2023,2023,kg/ha,23207.9,A,Official figure,
QCL,Crops and livestock products,356,India,5412,Yield,1229.0,Cantaloupes and other melons,2000,2000,kg/ha,20476.2,E,Estimated value,
QCL,Crops and livestock products,356,India,5412,Yield,1229.0,Cantaloupes and other melons,2001,2001,kg/ha,21021.3,E,Estimated value,
QCL,Crops and livestock products,356,India,5412,Yield,1229.0,Cantaloupes and other melons,2002,2002,kg/ha,21085.7,E,Estimated value,
QCL,Crops and livestock products,356,India,5412,Yield,1229.0,Cantaloupes and other melons,2003,2003,kg/ha,21217.1,E,Estimated value,
QCL,Crops and livestock products,356,India,5412,Yield,1229.0,Cantaloupes and other melons,2004,2004,kg/ha,21347.0,E,Estimated value,
QCL,Crops and livestock products,356,India,5412,Yield,1229.0,Cantaloupes and other melons,2005,2005,kg/ha,21454.1,E,Estimated value,
QCL,Crops and livestock products,356,India,5412,Yield,1229.0,Cantaloupes and other melons,2006,2006,kg/ha,21549.9,E,Estimated value,
QCL,Crops and livestock products,356,India,5412,Yield,1229.0,Cantaloupes and other melons,2007,2007,kg/ha,21647.3,E,Estimated value,
QCL,Crops and livestock products,356,India,5412,Yield,1229.0,Cantaloupes and other melons,2008,2008,kg/ha,21744.6,E,Estimated value,
QCL,Crops and livestock products,356,India,5412,Yield,1229.0,Cantaloupes and other melons,2009,2009,kg/ha,21841.6,E,Estimated value,
QCL,Crops and livestock products,356,India,5412,Yield,1229.0,Cantaloupes and other melons,2010,2010,kg/ha,21938.1,E,Estimated value,
QCL,Crops and livestock products,356,India,5412,Yield,1229.0,Cantaloupes and other melons,2011,2011,kg/ha,18731.6,A,Official figure,
QCL,Crops and livestock products,356,India,5412,Yield,1229.0,Cantaloupes and other melons,2012,2012,kg/ha,20815.8,A,Official figure,
QCL,Crops and livestock products,356,India,5412,Yield,1229.0,Cantaloupes and other melons,2013,2013,kg/ha,20666.7,A,Official figure,
QCL,Crops and livestock products,356,India,5412,Yield,1229.0,Cantaloupes and other melons,2014,2014,kg/ha,20567.6,A,Official figure,
QCL,Crops and livestock products,356,India,5412,Yield,1229.0,Cantaloupes and other melons,2015,2015,kg/ha,20547.6,A,Official figure,
QCL,Crops and livestock products,356,India,5412,Yield,1229.0,Cantaloupes and other melons,2016,2016,kg/ha,20777.8,A,Official figure,
QCL,Crops and livestock products,356,India,5412,Yield,1229.0,Cantaloupes and other melons,2017,2017,kg/ha,21940.0,A,Official figure,
QCL,Crops and livestock products,356,India,5412,Yield,1229.0,Cantaloupes and other melons,2018,2018,kg/ha,22796.3,A,Official figure,
QCL,Crops and livestock products,356,India,5412,Yield,1229.0,Cantaloupes and other melons,2019,2019,kg/ha,22210.5,A,Official figure,
QCL,Crops and livestock products,356,India,5412,Yield,1229.0,Cantaloupes and other melons,2020,2020,kg/ha,22426.2,A,Official figure,
QCL,Crops and livestock products,356,India,5412,Yield,1229.0,Cantaloupes and other melons,2021,2021,kg/ha,19706.7,A,Official figure,
QCL,Crops and livestock products,356,India,5412,Yield,1229.0,Cantaloupes and other melons,2022,2022,kg/ha,22029.4,A,Official figure,
QCL,Crops and livestock products,356,India,5412,Yield,1229.0,Cantaloupes and other melons,2023,2023,kg/ha,22029.4,A,Official figure,
QCL,Crops and livestock products,356,India,5412,Yield,1251.0,Carrots and turnips,2000,2000,kg/ha,14583.3,E,Estimated value,
QCL,Crops and livestock products,356,India,5412,Yield,1251.0,Carrots and turnips,2001,2001,kg/ha,14687.4,E,Estimated value,
QCL,Crops and livestock products,356,India,5412,Yield,1251.0,Carrots and turnips,2002,2002,kg/ha,14740.2,E,Estimated value,
QCL,Crops and livestock products,356,India,5412,Yield,1251.0,Carrots and turnips,2003,2003,kg/ha,14792.4,E,Estimated value,
QCL,Crops and livestock products,356,India,5412,Yield,1251.0,Carrots and turnips,2004,2004,kg/ha,14848.1,E,Estimated value,
QCL,Crops and livestock products,356,India,5412,Yield,1251.0,Carrots and turnips,2005,2005,kg/ha,14914.6,E,Estimated value,
QCL,Crops and livestock products,356,India,5412,Yield,1251.0,Carrots and turnips,2006,2006,kg/ha,14967.0,E,Estimated value,
QCL,Crops and livestock products,356,India,5412,Yield,1251.0,Carrots and turnips,2007,2007,kg/ha,15019.2,E,Estimated value,
QCL,Crops and livestock products,356,India,5412,Yield,1251.0,Carrots and turnips,2008,2008,kg/ha,15070.7,E,Estimated value,
QCL,Crops and livestock products,356,India,5412,Yield,1251.0,Carrots and turnips,2009,2009,kg/ha,15121.4,E,Estimated value,
QCL,Crops and livestock products,356,India,5412,Yield,1251.0,Carrots and turnips,2010,2010,kg/ha,15171.1,E,Estimated value,
QCL,Crops and livestock products,356,India,5412,Yield,1251.0,Carrots and turnips,2011,2011,kg/ha,15219.9,E,Estimated value,
QCL,Crops and livestock products,356,India,5412,Yield,1251.0,Carrots and turnips,2012,2012,kg/ha,15294.1,E,Estimated value,
QCL,Crops and livestock products,356,India,5412,Yield,1251.0,Carrots and turnips,2013,2013,kg/ha,15294.1,E,Estimated value,
QCL,Crops and livestock products,356,India,5412,Yield,1251.0,Carrots and turnips,2014,2014,kg/ha,15345.9,E,Estimated value,
QCL,Crops and livestock products,356,India,5412,Yield,1251.0,Carrots and turnips,2015,2015,kg/ha,15405.8,E,Estimated value,
QCL,Crops and livestock products,356,India,5412,Yield,1251.0,Carrots and turnips,2016,2016,kg/ha,15349.6,E,Estimated value,
QCL,Crops and livestock products,356,India,5412,Yield,1251.0,Carrots and turnips,2017,2017,kg/ha,15413.2,E,Estimated value,
QCL,Crops and livestock products,356,India,5412,Yield,1372.0,"Cashew nuts, in shell",2000,2000,kg/ha,758.0,A,Official figure,
QCL,Crops and livestock products,356,India,5412,Yield,1372.0,"Cashew nuts, in shell",2001,2001,kg/ha,642.9,A,Official figure,
QCL,Crops and livestock products,356,India,5412,Yield,1372.0,"Cashew nuts, in shell",2002,2002,kg/ha,626.7,A,Official figure,
QCL,Crops and livestock products,356,India,5412,Yield,1372.0,"Cashew nuts, in shell",2003,2003,kg/ha,649.4,A,Official figure,
QCL,Crops and livestock products,356,India,5412,Yield,1372.0,"Cashew nuts, in shell",2004,2004,kg/ha,685.9,A,Official figure,
QCL,Crops and livestock products,356,India,5412,Yield,1372.0,"Cashew nuts, in shell",2005,2005,kg/ha,663.4,A,Official figure,
QCL,Crops and livestock products,356,India,5412,Yield,1372.0,"Cashew nuts, in shell",2006,2006,kg/ha,684.6,A,Official figure,
QCL,Crops and livestock products,356,India,5412,Yield,1372.0,"Cashew nuts, in shell",2007,2007,kg/ha,726.0,A,Official figure,
QCL,Crops and livestock products,356,India,5412,Yield,1372.0,"Cashew nuts, in shell",2008,2008,kg/ha,766.1,A,Official figure,
QCL,Crops and livestock products,356,India,5412,Yield,1372.0,"Cashew nuts, in shell",2009,2009,kg/ha,778.3,A,Official figure,
QCL,Crops and livestock products,356,India,5412,Yield,1372.0,"Cashew nuts, in shell",2010,2010,kg/ha,664.1,A,Official figure,
QCL,Crops and livestock products,356,India,5412,Yield,1372.0,"Cashew nuts, in shell",2011,2011,kg/ha,707.7,A,Official figure,
QCL,Crops and livestock products,356,India,5412,Yield,1372.0,"Cashew nuts, in shell",2012,2012,kg/ha,740.6,A,Official figure,
QCL,Crops and livestock products,356,India,5412,Yield,1372.0,"Cashew nuts, in shell",2013,2013,kg/ha,759.1,A,Official figure,
QCL,Crops and livestock products,356,India,5412,Yield,1372.0,"Cashew nuts, in shell",2014,2014,kg/ha,744.8,A,Official figure,
QCL,Crops and livestock products,356,India,5412,Yield,1372.0,"Cashew nuts, in shell",2015,2015,kg/ha,723.3,A,Official figure,
QCL,Crops and livestock products,356,India,5412,Yield,1372.0,"Cashew nuts, in shell",2016,2016,kg/ha,647.7,A,Official figure,
QCL,Crops and livestock products,356,India,5412,Yield,1372.0,"Cashew nuts, in shell",2017,2017,kg/ha,761.8,A,Official figure,
QCL,Crops and livestock products,356,India,5412,Yield,1372.0,"Cashew nuts, in shell",2018,2018,kg/ha,769.3,A,Official figure,
QCL,Crops and livestock products,356,India,5412,Yield,1372.0,"Cashew nuts, in shell",2019,2019,kg/ha,672.4,A,Official figure,
QCL,Crops and livestock products,356,India,5412,Yield,1372.0,"Cashew nuts, in shell",2020,2020,kg/ha,624.9,A,Official figure,
QCL,Crops and livestock products,356,India,5412,Yield,1372.0,"Cashew nuts, in shell",2021,2021,kg/ha,636.8,A,Official figure,
QCL,Crops and livestock products,356,India,5412,Yield,1372.0,"Cashew nuts, in shell",2022,2022,kg/ha,635.1,A,Official figure,
QCL,Crops and livestock products,356,India,5412,Yield,1372.0,"Cashew nuts, in shell",2023,2023,kg/ha,654.4,A,Official figure,
QCL,Crops and livestock products,356,India,5412,Yield,1520.01,"Cassava, fresh",2000,2000,kg/ha,26908.7,A,Official figure,
QCL,Crops and livestock products,356,India,5412,Yield,1520.01,"Cassava, fresh",2001,2001,kg/ha,26699.8,A,Official figure,
QCL,Crops and livestock products,356,India,5412,Yield,1520.01,"Cassava, fresh",2002,2002,kg/ha,27274.6,A,Official figure,
QCL,Crops and livestock products,356,India,5412,Yield,1520.01,"Cassava, fresh",2003,2003,kg/ha,26213.5,A,Official figure,
QCL,Crops and livestock products,356,India,5412,Yield,1520.01,"Cassava, fresh",2004,2004,kg/ha,27043.6,A,Official figure,
QCL,Crops and livestock products,356,India,5412,Yield,1520.01,"Cassava, fresh",2005,2005,kg/ha,30497.8,A,Official figure,
QCL,Crops and livestock products,356,India,5412,Yield,1520.01,"Cassava, fresh",2006,2006,kg/ha,32113.2,A,Official figure,
QCL,Crops and livestock products,356,India,5412,Yield,1520.01,"Cassava, fresh",2007,2007,kg/ha,32220.4,A,Official figure,
QCL,Crops and livestock products,356,India,5412,Yield,1520.01,"Cassava, fresh",2008,2008,kg/ha,33540.7,A,Official figure,
QCL,Crops and livestock products,356,India,5412,Yield,1520.01,"Cassava, fresh",2009,2009,kg/ha,34343.3,A,Official figure,
QCL,Crops and livestock products,356,India,5412,Yield,1520.01,"Cassava, fresh",2010,2010,kg/ha,34755.5,A,Official figure,
QCL,Crops and livestock products,356,India,5412,Yield,1520.01,"Cassava, fresh",2011,2011,kg/ha,36477.0,A,Official figure,
QCL,Crops and livestock products,356,India,5412,Yield,1520.01,"Cassava, fresh",2012,2012,kg/ha,38581.8,A,Official figure,
QCL,Crops and livestock products,356,India,5412,Yield,1520.01,"Cassava, fresh",2013,2013,kg/ha,34959.4,A,Official figure,
QCL,Crops and livestock products,356,India,5412,Yield,1520.01,"Cassava, fresh",2014,2014,kg/ha,35655.5,A,Official figure,
QCL,Crops and livestock products,356,India,5412,Yield,1520.01,"Cassava, fresh",2015,2015,kg/ha,21024.0,A,Official figure,
QCL,Crops and livestock products,356,India,5412,Yield,1520.01,"Cassava, fresh",2016,2016,kg/ha,21294.1,A,Official figure,
QCL,Crops and livestock products,356,India,5412,Yield,1520.01,"Cassava, fresh",2017,2017,kg/ha,20959.8,A,Official figure,
QCL,Crops and livestock products,356,India,5412,Yield,1520.01,"Cassava, fresh",2018,2018,kg/ha,28612.7,A,Official figure,
QCL,Crops and livestock products,356,India,5412,Yield,1520.01,"Cassava, fresh",2019,2019,kg/ha,30527.6,A,Official figure,
QCL,Crops and livestock products,356,India,5412,Yield,1520.01,"Cassava, fresh",2020,2020,kg/ha,35028.9,A,Official figure,
QCL,Crops and livestock products,356,India,5412,Yield,1520.01,"Cassava, fresh",2021,2021,kg/ha,37929.0,A,Official figure,
QCL,Crops and livestock products,356,India,5412,Yield,1520.01,"Cassava, fresh",2022,2022,kg/ha,36122.1,A,Official figure,
QCL,Crops and livestock products,356,India,5412,Yield,1520.01,"Cassava, fresh",2023,2023,kg/ha,35771.1,A,Official figure,
QCL,Crops and livestock products,356,India,5412,Yield,1447.0,Castor oil seeds,2000,2000,kg/ha,817.6,A,Official figure,
QCL,Crops and livestock products,356,India,5412,Yield,1447.0,Castor oil seeds,2001,2001,kg/ha,910.7,A,Official figure,
QCL,Crops and livestock products,356,India,5412,Yield,1447.0,Castor oil seeds,2002,2002,kg/ha,734.1,A,Official figure,
QCL,Crops and livestock products,356,India,5412,Yield,1447.0,Castor oil seeds,2003,2003,kg/ha,1110.8,A,Official figure,
QCL,Crops and livestock products,356,India,5412,Yield,1447.0,Castor oil seeds,2004,2004,kg/ha,1067.8,A,Official figure,
QCL,Crops and livestock products,356,India,5412,Yield,1447.0,Castor oil seeds,2005,2005,kg/ha,1146.4,A,Official figure,
QCL,Crops and livestock products,356,India,5412,Yield,1447.0,Castor oil seeds,2006,2006,kg/ha,1192.5,A,Official figure,
QCL,Crops and livestock products,356,India,5412,Yield,1447.0,Castor oil seeds,2007,2007,kg/ha,1338.0,A,Official figure,
QCL,Crops and livestock products,356,India,5412,Yield,1447.0,Castor oil seeds,2008,2008,kg/ha,1352.0,A,Official figure,
QCL,Crops and livestock products,356,India,5412,Yield,1447.0,Castor oil seeds,2009,2009,kg/ha,1373.0,A,Official figure,
QCL,Crops and livestock products,356,India,5412,Yield,1447.0,Castor oil seeds,2010,2010,kg/ha,1526.0,A,Official figure,
QCL,Crops and livestock products,356,India,5412,Yield,1447.0,Castor oil seeds,2011,2011,kg/ha,1560.2,A,Official figure,
QCL,Crops and livestock products,356,India,5412,Yield,1447.0,Castor oil seeds,2012,2012,kg/ha,1591.6,A,Official figure,
QCL,Crops and livestock products,356,India,5412,Yield,1447.0,Castor oil seeds,2013,2013,kg/ha,1624.4,A,Official figure,
QCL,Crops and livestock products,356,India,5412,Yield,1447.0,Castor oil seeds,2014,2014,kg/ha,1692.3,A,Official figure,
QCL,Crops and livestock products,356,India,5412,Yield,1447.0,Castor oil seeds,2015,2015,kg/ha,1608.8,A,Official figure,
QCL,Crops and livestock products,356,India,5412,Yield,1447.0,Castor oil seeds,2016,2016,kg/ha,1326.9,A,Official figure,
QCL,Crops and livestock products,356,India,5412,Yield,1447.0,Castor oil seeds,2017,2017,kg/ha,1703.7,A,Official figure,
QCL,Crops and livestock products,356,India,5412,Yield,1447.0,Castor oil seeds,2018,2018,kg/ha,1902.1,A,Official figure,
QCL,Crops and livestock products,356,India,5412,Yield,1447.0,Castor oil seeds,2019,2019,kg/ha,1592.8,A,Official figure,
QCL,Crops and livestock products,356,India,5412,Yield,1447.0,Castor oil seeds,2020,2020,kg/ha,1760.5,A,Official figure,
QCL,Crops and livestock products,356,India,5412,Yield,1447.0,Castor oil seeds,2021,2021,kg/ha,1855.7,A,Official figure,
QCL,Crops and livestock products,356,India,5412,Yield,1447.0,Castor oil seeds,2022,2022,kg/ha,1948.0,A,Official figure,
QCL,Crops and livestock products,356,India,5412,Yield,1447.0,Castor oil seeds,2023,2023,kg/ha,1942.3,A,Official figure,
QCL,Crops and livestock products,356,India,5412,Yield,1213.0,Cauliflowers and broccoli,2000,2000,kg/ha,18880.0,A,Official figure,
QCL,Crops and livestock products,356,India,5412,Yield,1213.0,Cauliflowers and broccoli,2001,2001,kg/ha,18038.5,A,Official figure,
QCL,Crops and livestock products,356,India,5412,Yield,1213.0,Cauliflowers and broccoli,2002,2002,kg/ha,18111.1,A,Official figure,
QCL,Crops and livestock products,356,India,5412,Yield,1213.0,Cauliflowers and broccoli,2003,2003,kg/ha,17142.9,A,Official figure,
QCL,Crops and livestock products,356,India,5412,Yield,1213.0,Cauliflowers and broccoli,2004,2004,kg/ha,18440.5,A,Official figure,
QCL,Crops and livestock products,356,India,5412,Yield,1213.0,Cauliflowers and broccoli,2005,2005,kg/ha,18930.0,A,Official figure,
QCL,Crops and livestock products,356,India,5412,Yield,1213.0,Cauliflowers and broccoli,2006,2006,kg/ha,18444.6,A,Official figure,
QCL,Crops and livestock products,356,India,5412,Yield,1213.0,Cauliflowers and broccoli,2007,2007,kg/ha,18337.7,A,Official figure,
QCL,Crops and livestock products,356,India,5412,Yield,1213.0,Cauliflowers and broccoli,2008,2008,kg/ha,18516.0,A,Official figure,
QCL,Crops and livestock products,356,India,5412,Yield,1213.0,Cauliflowers and broccoli,2009,2009,kg/ha,18721.4,A,Official figure,
QCL,Crops and livestock products,356,India,5412,Yield,1213.0,Cauliflowers and broccoli,2010,2010,kg/ha,18881.9,A,Official figure,
QCL,Crops and livestock products,356,India,5412,Yield,1213.0,Cauliflowers and broccoli,2011,2011,kg/ha,18279.1,A,Official figure,
QCL,Crops and livestock products,356,India,5412,Yield,1213.0,Cauliflowers and broccoli,2012,2012,kg/ha,18795.4,A,Official figure,
QCL,Crops and livestock products,356,India,5412,Yield,1213.0,Cauliflowers and broccoli,2013,2013,kg/ha,19619.4,A,Official figure,
QCL,Crops and livestock products,356,India,5412,Yield,1213.0,Cauliflowers and broccoli,2014,2014,kg/ha,19760.0,A,Official figure,
QCL,Crops and livestock products,356,India,5412,Yield,1213.0,Cauliflowers and broccoli,2015,2015,kg/ha,19284.7,A,Official figure,
QCL,Crops and livestock products,356,India,5412,Yield,1213.0,Cauliflowers and broccoli,2016,2016,kg/ha,18990.6,A,Official figure,
QCL,Crops and livestock products,356,India,5412,Yield,1213.0,Cauliflowers and broccoli,2017,2017,kg/ha,18848.0,A,Official figure,
QCL,Crops and livestock products,356,India,5412,Yield,1213.0,Cauliflowers and broccoli,2018,2018,kg/ha,19134.7,A,Official figure,
QCL,Crops and livestock products,356,India,5412,Yield,1213.0,Cauliflowers and broccoli,2019,2019,kg/ha,19533.3,A,Official figure,
QCL,Crops and livestock products,356,India,5412,Yield,1213.0,Cauliflowers and broccoli,2020,2020,kg/ha,19145.6,A,Official figure,
QCL,Crops and livestock products,356,India,5412,Yield,1213.0,Cauliflowers and broccoli,2021,2021,kg/ha,19503.2,A,Official figure,
QCL,Crops and livestock products,356,India,5412,Yield,1213.0,Cauliflowers and broccoli,2022,2022,kg/ha,19887.7,A,Official figure,
QCL,Crops and livestock products,356,India,5412,Yield,1213.0,Cauliflowers and broccoli,2023,2023,kg/ha,19446.0,A,Official figure,
QCL,Crops and livestock products,356,India,5412,Yield,1344.02,Cherries,2000,2000,kg/ha,2780.4,E,Estimated value,
QCL,Crops and livestock products,356,India,5412,Yield,1344.02,Cherries,2001,2001,kg/ha,2797.2,E,Estimated value,
QCL,Crops and livestock products,356,India,5412,Yield,1344.02,Cherries,2002,2002,kg/ha,2814.1,E,Estimated value,
QCL,Crops and livestock products,356,India,5412,Yield,1344.02,Cherries,2003,2003,kg/ha,2830.9,E,Estimated value,
QCL,Crops and livestock products,356,India,5412,Yield,1344.02,Cherries,2004,2004,kg/ha,2848.7,E,Estimated value,
QCL,Crops and livestock products,356,India,5412,Yield,1344.02,Cherries,2005,2005,kg/ha,2867.5,E,Estimated value,
QCL,Crops and livestock products,356,India,5412,Yield,1344.02,Cherries,2006,2006,kg/ha,2886.4,E,Estimated value,
QCL,Crops and livestock products,356,India,5412,Yield,1344.02,Cherries,2007,2007,kg/ha,2905.2,E,Estimated value,
QCL,Crops and livestock products,356,India,5412,Yield,1344.02,Cherries,2008,2008,kg/ha,2924.0,E,Estimated value,
QCL,Crops and livestock products,356,India,5412,Yield,1344.02,Cherries,2009,2009,kg/ha,2942.8,E,Estimated value,
QCL,Crops and livestock products,356,India,5412,Yield,1344.02,Cherries,2010,2010,kg/ha,2961.7,E,Estimated value,
QCL,Crops and livestock products,356,India,5412,Yield,1344.02,Cherries,2011,2011,kg/ha,2980.5,E,Estimated value,
QCL,Crops and livestock products,356,India,5412,Yield,1344.02,Cherries,2012,2012,kg/ha,2999.3,E,Estimated value,
QCL,Crops and livestock products,356,India,5412,Yield,1344.02,Cherries,2013,2013,kg/ha,3018.1,E,Estimated value,
QCL,Crops and livestock products,356,India,5412,Yield,1344.02,Cherries,2014,2014,kg/ha,3024.4,E,Estimated value,
QCL,Crops and livestock products,356,India,5412,Yield,1344.02,Cherries,2015,2015,kg/ha,3041.1,E,Estimated value,
QCL,Crops and livestock products,356,India,5412,Yield,1344.02,Cherries,2016,2016,kg/ha,3028.2,E,Estimated value,
QCL,Crops and livestock products,356,India,5412,Yield,1344.02,Cherries,2017,2017,kg/ha,3047.3,E,Estimated value,
QCL,Crops and livestock products,356,India,5412,Yield,1344.02,Cherries,2018,2018,kg/ha,2918.6,E,Estimated value,
QCL,Crops and livestock products,356,India,5412,Yield,1344.02,Cherries,2019,2019,kg/ha,2947.9,E,Estimated value,
QCL,Crops and livestock products,356,India,5412,Yield,1344.02,Cherries,2020,2020,kg/ha,3024.7,E,Estimated value,
QCL,Crops and livestock products,356,India,5412,Yield,1344.02,Cherries,2021,2021,kg/ha,3010.0,E,Estimated value,
QCL,Crops and livestock products,356,India,5412,Yield,1344.02,Cherries,2022,2022,kg/ha,2927.5,E,Estimated value,
QCL,Crops and livestock products,356,India,5412,Yield,1344.02,Cherries,2023,2023,kg/ha,2987.2,E,Estimated value,
QCL,Crops and livestock products,356,India,5412,Yield,1703.0,"Chick peas, dry",2000,2000,kg/ha,832.7,A,Official figure,
QCL,Crops and livestock products,356,India,5412,Yield,1703.0,"Chick peas, dry",2001,2001,kg/ha,743.5,A,Official figure,
QCL,Crops and livestock products,356,India,5412,Yield,1703.0,"Chick peas, dry",2002,2002,kg/ha,853.0,A,Official figure,
QCL,Crops and livestock products,356,India,5412,Yield,1703.0,"Chick peas, dry",2003,2003,kg/ha,717.3,A,Official figure,
QCL,Crops and livestock products,356,India,5412,Yield,1703.0,"Chick peas, dry",2004,2004,kg/ha,811.2,A,Official figure,
QCL,Crops and livestock products,356,India,5412,Yield,1703.0,"Chick peas, dry",2005,2005,kg/ha,814.6,A,Official figure,
QCL,Crops and livestock products,356,India,5412,Yield,1703.0,"Chick peas, dry",2006,2006,kg/ha,808.5,A,Official figure,
QCL,Crops and livestock products,356,India,5412,Yield,1703.0,"Chick peas, dry",2007,2007,kg/ha,845.2,A,Official figure,
QCL,Crops and livestock products,356,India,5412,Yield,1703.0,"Chick peas, dry",2008,2008,kg/ha,762.0,A,Official figure,
QCL,Crops and livestock products,356,India,5412,Yield,1703.0,"Chick peas, dry",2009,2009,kg/ha,894.8,A,Official figure,
QCL,Crops and livestock products,356,India,5412,Yield,1703.0,"Chick peas, dry",2010,2010,kg/ha,915.5,A,Official figure,
QCL,Crops and livestock products,356,India,5412,Yield,1703.0,"Chick peas, dry",2011,2011,kg/ha,894.5,A,Official figure,
QCL,Crops and livestock products,356,India,5412,Yield,1703.0,"Chick peas, dry",2012,2012,kg/ha,925.5,A,Official figure,
QCL,Crops and livestock products,356,India,5412,Yield,1703.0,"Chick peas, dry",2013,2013,kg/ha,1036.4,A,Official figure,
QCL,Crops and livestock products,356,India,5412,Yield,1703.0,"Chick peas, dry",2014,2014,kg/ha,960.0,A,Official figure,
QCL,Crops and livestock products,356,India,5412,Yield,1703.0,"Chick peas, dry",2015,2015,kg/ha,888.6,A,Official figure,
QCL,Crops and livestock products,356,India,5412,Yield,1703.0,"Chick peas, dry",2016,2016,kg/ha,840.3,A,Official figure,
QCL,Crops and livestock products,356,India,5412,Yield,1703.0,"Chick peas, dry",2017,2017,kg/ha,974.2,A,Official figure,
QCL,Crops and livestock products,356,India,5412,Yield,1703.0,"Chick peas, dry",2018,2018,kg/ha,1077.5,A,Official figure,
QCL,Crops and livestock products,356,India,5412,Yield,1703.0,"Chick peas, dry",2019,2019,kg/ha,1041.0,A,Official figure,
QCL,Crops and livestock products,356,India,5412,Yield,1703.0,"Chick peas, dry",2020,2020,kg/ha,1142.3,A,Official figure,
QCL,Crops and livestock products,356,India,5412,Yield,1703.0,"Chick peas, dry",2021,2021,kg/ha,1191.6,A,Official figure,
QCL,Crops and livestock products,356,India,5412,Yield,1703.0,"Chick peas, dry",2022,2022,kg/ha,1261.0,A,Official figure,
QCL,Crops and livestock products,356,India,5412,Yield,1703.0,"Chick peas, dry",2023,2023,kg/ha,1171.6,A,Official figure,
QCL,Crops and livestock products,356,India,5412,Yield,1652.0,"Chillies and peppers, dry (Capsicum spp., Pimenta spp.), raw",2000,2000,kg/ha,1176.0,A,Official figure,
QCL,Crops and livestock products,356,India,5412,Yield,1652.0,"Chillies and peppers, dry (Capsicum spp., Pimenta spp.), raw",2001,2001,kg/ha,1214.8,A,Official figure,
QCL,Crops and livestock products,356,India,5412,Yield,1652.0,"Chillies and peppers, dry (Capsicum spp., Pimenta spp.), raw",2002,2002,kg/ha,1082.4,A,Official figure,
QCL,Crops and livestock products,356,India,5412,Yield,1652.0,"Chillies and peppers, dry (Capsicum spp., Pimenta spp.), raw",2003,2003,kg/ha,1595.9,A,Official figure,
QCL,Crops and livestock products,356,India,5412,Yield,1652.0,"Chillies and peppers, dry (Capsicum spp., Pimenta spp.), raw",2004,2004,kg/ha,1607.5,A,Official figure,
QCL,Crops and livestock products,356,India,5412,Yield,1652.0,"Chillies and peppers, dry (Capsicum spp., Pimenta spp.), raw",2005,2005,kg/ha,1549.2,A,Official figure,
QCL,Crops and livestock products,356,India,5412,Yield,1652.0,"Chillies and peppers, dry (Capsicum spp., Pimenta spp.), raw",2006,2006,kg/ha,1628.1,A,Official figure,
QCL,Crops and livestock products,356,India,5412,Yield,1652.0,"Chillies and peppers, dry (Capsicum spp., Pimenta spp.), raw",2007,2007,kg/ha,1601.3,A,Official figure,
QCL,Crops and livestock products,356,India,5412,Yield,1652.0,"Chillies and peppers, dry (Capsicum spp., Pimenta spp.), raw",2008,2008,kg/ha,1630.0,A,Official figure,
QCL,Crops and livestock products,356,India,5412,Yield,1652.0,"Chillies and peppers, dry (Capsicum spp., Pimenta spp.), raw",2009,2009,kg/ha,1567.9,A,Official figure,
QCL,Crops and livestock products,356,India,5412,Yield,1652.0,"Chillies and peppers, dry (Capsicum spp., Pimenta spp.), raw",2010,2010,kg/ha,1544.5,A,Official figure,
QCL,Crops and livestock products,356,India,5412,Yield,1652.0,"Chillies and peppers, dry (Capsicum spp., Pimenta spp.), raw",2011,2011,kg/ha,1585.9,A,Official figure,
QCL,Crops and livestock products,356,India,5412,Yield,1652.0,"Chillies and peppers, dry (Capsicum spp., Pimenta spp.), raw",2012,2012,kg/ha,1643.2,A,Official figure,
QCL,Crops and livestock products,356,India,5412,Yield,1652.0,"Chillies and peppers, dry (Capsicum spp., Pimenta spp.), raw",2013,2013,kg/ha,1925.2,A,Official figure,
QCL,Crops and livestock products,356,India,5412,Yield,1652.0,"Chillies and peppers, dry (Capsicum spp., Pimenta spp.), raw",2014,2014,kg/ha,1925.2,A,Official figure,
QCL,Crops and livestock products,356,India,5412,Yield,1652.0,"Chillies and peppers, dry (Capsicum spp., Pimenta spp.), raw",2015,2015,kg/ha,2109.1,A,Official figure,
QCL,Crops and livestock products,356,India,5412,Yield,1652.0,"Chillies and peppers, dry (Capsicum spp., Pimenta spp.), raw",2016,2016,kg/ha,1874.4,A,Official figure,
QCL,Crops and livestock products,356,India,5412,Yield,1652.0,"Chillies and peppers, dry (Capsicum spp., Pimenta spp.), raw",2017,2017,kg/ha,2495.2,A,Official figure,
QCL,Crops and livestock products,356,India,5412,Yield,1652.0,"Chillies and peppers, dry (Capsicum spp., Pimenta spp.), raw",2018,2018,kg/ha,2857.7,A,Official figure,
QCL,Crops and livestock products,356,India,5412,Yield,1652.0,"Chillies and peppers, dry (Capsicum spp., Pimenta spp.), raw",2019,2019,kg/ha,2234.6,A,Official figure,
QCL,Crops and livestock products,356,India,5412,Yield,1652.0,"Chillies and peppers, dry (Capsicum spp., Pimenta spp.), raw",2020,2020,kg/ha,2931.3,A,Official figure,
QCL,Crops and livestock products,356,India,5412,Yield,1652.0,"Chillies and peppers, dry (Capsicum spp., Pimenta spp.), raw",2021,2021,kg/ha,2918.8,A,Official figure,
QCL,Crops and livestock products,356,India,5412,Yield,1652.0,"Chillies and peppers, dry (Capsicum spp., Pimenta spp.), raw",2022,2022,kg/ha,2764.0,A,Official figure,
QCL,Crops and livestock products,356,India,5412,Yield,1652.0,"Chillies and peppers, dry (Capsicum spp., Pimenta spp.), raw",2023,2023,kg/ha,3265.3,A,Official figure,
QCL,Crops and livestock products,356,India,5412,Yield,1231.0,"Chillies and peppers, green (Capsicum spp. and Pimenta spp.)",2000,2000,kg/ha,9090.9,E,Estimated value,
QCL,Crops and livestock products,356,India,5412,Yield,1231.0,"Chillies and peppers, green (Capsicum spp. and Pimenta spp.)",2001,2001,kg/ha,9021.3,E,Estimated value,
QCL,Crops and livestock products,356,India,5412,Yield,1231.0,"Chillies and peppers, green (Capsicum spp. and Pimenta spp.)",2002,2002,kg/ha,8997.1,E,Estimated value,
QCL,Crops and livestock products,356,India,5412,Yield,1231.0,"Chillies and peppers, green (Capsicum spp. and Pimenta spp.)",2003,2003,kg/ha,8970.3,E,Estimated value,
QCL,Crops and livestock products,356,India,5412,Yield,1231.0,"Chillies and peppers, green (Capsicum spp. and Pimenta spp.)",2004,2004,kg/ha,8941.4,E,Estimated value,
QCL,Crops and livestock products,356,India,5412,Yield,1231.0,"Chillies and peppers, green (Capsicum spp. and Pimenta spp.)",2005,2005,kg/ha,8838.0,E,Estimated value,
QCL,Crops and livestock products,356,India,5412,Yield,1231.0,"Chillies and peppers, green (Capsicum spp. and Pimenta spp.)",2006,2006,kg/ha,8792.8,E,Estimated value,
QCL,Crops and livestock products,356,India,5412,Yield,1231.0,"Chillies and peppers, green (Capsicum spp. and Pimenta spp.)",2007,2007,kg/ha,8748.1,E,Estimated value,
QCL,Crops and livestock products,356,India,5412,Yield,1231.0,"Chillies and peppers, green (Capsicum spp. and Pimenta spp.)",2008,2008,kg/ha,8703.1,E,Estimated value,
QCL,Crops and livestock products,356,India,5412,Yield,1231.0,"Chillies and peppers, green (Capsicum spp. and Pimenta spp.)",2009,2009,kg/ha,8659.2,E,Estimated value,
QCL,Crops and livestock products,356,India,5412,Yield,1231.0,"Chillies and peppers, green (Capsicum spp. and Pimenta spp.)",2010,2010,kg/ha,8617.3,E,Estimated value,
QCL,Crops and livestock products,356,India,5412,Yield,1231.0,"Chillies and peppers, green (Capsicum spp. and Pimenta spp.)",2011,2011,kg/ha,8577.9,E,Estimated value,
QCL,Crops and livestock products,356,India,5412,Yield,1231.0,"Chillies and peppers, green (Capsicum spp. and Pimenta spp.)",2012,2012,kg/ha,8500.0,E,Estimated value,
QCL,Crops and livestock products,356,India,5412,Yield,1231.0,"Chillies and peppers, green (Capsicum spp. and Pimenta spp.)",2013,2013,kg/ha,8500.0,E,Estimated value,
QCL,Crops and livestock products,356,India,5412,Yield,1231.0,"Chillies and peppers, green (Capsicum spp. and Pimenta spp.)",2014,2014,kg/ha,8473.9,E,Estimated value,
QCL,Crops and livestock products,356,India,5412,Yield,1231.0,"Chillies and peppers, green (Capsicum spp. and Pimenta spp.)",2015,2015,kg/ha,8428.1,E,Estimated value,
QCL,Crops and livestock products,356,India,5412,Yield,1231.0,"Chillies and peppers, green (Capsicum spp. and Pimenta spp.)",2016,2016,kg/ha,8466.4,E,Estimated value,
QCL,Crops and livestock products,356,India,5412,Yield,1231.0,"Chillies and peppers, green (Capsicum spp. and Pimenta spp.)",2017,2017,kg/ha,8454.4,E,Estimated value,
QCL,Crops and livestock products,356,India,5412,Yield,1231.0,"Chillies and peppers, green (Capsicum spp. and Pimenta spp.)",2018,2018,kg/ha,8424.8,E,Estimated value,
QCL,Crops and livestock products,356,India,5412,Yield,1231.0,"Chillies and peppers, green (Capsicum spp. and Pimenta spp.)",2019,2019,kg/ha,8390.5,E,Estimated value,
QCL,Crops and livestock products,356,India,5412,Yield,1231.0,"Chillies and peppers, green (Capsicum spp. and Pimenta spp.)",2020,2020,kg/ha,8700.2,E,Estimated value,
QCL,Crops and livestock products,356,India,5412,Yield,1231.0,"Chillies and peppers, green (Capsicum spp. and Pimenta spp.)",2021,2021,kg/ha,8504.6,E,Estimated value,
QCL,Crops and livestock products,356,India,5412,Yield,1231.0,"Chillies and peppers, green (Capsicum spp. and Pimenta spp.)",2022,2022,kg/ha,8531.0,E,Estimated value,
QCL,Crops and livestock products,356,India,5412,Yield,1231.0,"Chillies and peppers, green (Capsicum spp. and Pimenta spp.)",2023,2023,kg/ha,8578.4,E,Estimated value,
QCL,Crops and livestock products,356,India,5412,Yield,1640.0,Cocoa beans,2000,2000,kg/ha,393.0,A,Official figure,
QCL,Crops and livestock products,356,India,5412,Yield,1640.0,Cocoa beans,2001,2001,kg/ha,415.5,A,Official figure,
QCL,Crops and livestock products,356,India,5412,Yield,1640.0,Cocoa beans,2002,2002,kg/ha,420.3,A,Official figure,
QCL,Crops and livestock products,356,India,5412,Yield,1640.0,Cocoa beans,2003,2003,kg/ha,383.5,A,Official figure,
QCL,Crops and livestock products,356,India,5412,Yield,1640.0,Cocoa beans,2004,2004,kg/ha,366.9,A,Official figure,
QCL,Crops and livestock products,356,India,5412,Yield,1640.0,Cocoa beans,2005,2005,kg/ha,332.6,A,Official figure,
QCL,Crops and livestock products,356,India,5412,Yield,1640.0,Cocoa beans,2006,2006,kg/ha,345.3,A,Official figure,
QCL,Crops and livestock products,356,India,5412,Yield,1640.0,Cocoa beans,2007,2007,kg/ha,335.5,A,Official figure,
QCL,Crops and livestock products,356,India,5412,Yield,1640.0,Cocoa beans,2008,2008,kg/ha,331.2,A,Official figure,
QCL,Crops and livestock products,356,India,5412,Yield,1640.0,Cocoa beans,2009,2009,kg/ha,347.1,A,Official figure,
QCL,Crops and livestock products,356,India,5412,Yield,1640.0,Cocoa beans,2010,2010,kg/ha,278.6,A,Official figure,
QCL,Crops and livestock products,356,India,5412,Yield,1640.0,Cocoa beans,2011,2011,kg/ha,254.9,A,Official figure,
QCL,Crops and livestock products,356,India,5412,Yield,1640.0,Cocoa beans,2012,2012,kg/ha,206.3,A,Official figure,
QCL,Crops and livestock products,356,India,5412,Yield,1640.0,Cocoa beans,2013,2013,kg/ha,197.0,A,Official figure,
QCL,Crops and livestock products,356,India,5412,Yield,1640.0,Cocoa beans,2014,2014,kg/ha,211.3,A,Official figure,
QCL,Crops and livestock products,356,India,5412,Yield,1640.0,Cocoa beans,2015,2015,kg/ha,205.1,A,Official figure,
QCL,Crops and livestock products,356,India,5412,Yield,1640.0,Cocoa beans,2016,2016,kg/ha,209.9,A,Official figure,
QCL,Crops and livestock products,356,India,5412,Yield,1640.0,Cocoa beans,2017,2017,kg/ha,228.9,A,Official figure,
QCL,Crops and livestock products,356,India,5412,Yield,1640.0,Cocoa beans,2018,2018,kg/ha,224.7,A,Official figure,
QCL,Crops and livestock products,356,India,5412,Yield,1640.0,Cocoa beans,2019,2019,kg/ha,255.3,A,Official figure,
QCL,Crops and livestock products,356,India,5412,Yield,1640.0,Cocoa beans,2020,2020,kg/ha,265.3,A,Official figure,
QCL,Crops and livestock products,356,India,5412,Yield,1640.0,Cocoa beans,2021,2021,kg/ha,262.1,A,Official figure,
QCL,Crops and livestock products,356,India,5412,Yield,1640.0,Cocoa beans,2022,2022,kg/ha,264.2,A,Official figure,
QCL,Crops and livestock products,356,India,5412,Yield,1640.0,Cocoa beans,2023,2023,kg/ha,275.2,A,Official figure,
QCL,Crops and livestock products,356,India,5412,Yield,1460.0,"Coconuts, in shell",2000,2000,kg/ha,4717.5,A,Official figure,
QCL,Crops and livestock products,356,India,5412,Yield,1460.0,"Coconuts, in shell",2001,2001,kg/ha,4712.0,A,Official figure,
QCL,Crops and livestock products,356,India,5412,Yield,1460.0,"Coconuts, in shell",2002,2002,kg/ha,4621.8,A,Official figure,
QCL,Crops and livestock products,356,India,5412,Yield,1460.0,"Coconuts, in shell",2003,2003,kg/ha,4490.6,A,Official figure,
QCL,Crops and livestock products,356,India,5412,Yield,1460.0,"Coconuts, in shell",2004,2004,kg/ha,4333.7,A,Official figure,
QCL,Crops and livestock products,356,India,5412,Yield,1460.0,"Coconuts, in shell",2005,2005,kg/ha,4562.8,A,Official figure,
QCL,Crops and livestock products,356,India,5412,Yield,1460.0,"Coconuts, in shell",2006,2006,kg/ha,5234.2,A,Official figure,
QCL,Crops and livestock products,356,India,5412,Yield,1460.0,"Coconuts, in shell",2007,2007,kg/ha,5615.5,A,Official figure,
QCL,Crops and livestock products,356,India,5412,Yield,1460.0,"Coconuts, in shell",2008,2008,kg/ha,5332.2,A,Official figure,
QCL,Crops and livestock products,356,India,5412,Yield,1460.0,"Coconuts, in shell",2009,2009,kg/ha,5711.4,A,Official figure,
QCL,Crops and livestock products,356,India,5412,Yield,1460.0,"Coconuts, in shell",2010,2010,kg/ha,5717.6,A,Official figure,
QCL,Crops and livestock products,356,India,5412,Yield,1460.0,"Coconuts, in shell",2011,2011,kg/ha,4964.2,A,Official figure,
QCL,Crops and livestock products,356,India,5412,Yield,1460.0,"Coconuts, in shell",2012,2012,kg/ha,4941.5,A,Official figure,
QCL,Crops and livestock products,356,India,5412,Yield,1460.0,"Coconuts, in shell",2013,2013,kg/ha,5574.8,A,Official figure,
QCL,Crops and livestock products,356,India,5412,Yield,1460.0,"Coconuts, in shell",2014,2014,kg/ha,5607.3,A,Official figure,
QCL,Crops and livestock products,356,India,5412,Yield,1460.0,"Coconuts, in shell",2015,2015,kg/ha,5367.3,A,Official figure,
QCL,Crops and livestock products,356,India,5412,Yield,1460.0,"Coconuts, in shell",2016,2016,kg/ha,5448.8,A,Official figure,
QCL,Crops and livestock products,356,India,5412,Yield,1460.0,"Coconuts, in shell",2017,2017,kg/ha,5366.1,A,Official figure,
QCL,Crops and livestock products,356,India,5412,Yield,1460.0,"Coconuts, in shell",2018,2018,kg/ha,7826.9,A,Official figure,
QCL,Crops and livestock products,356,India,5412,Yield,1460.0,"Coconuts, in shell",2019,2019,kg/ha,6825.7,A,Official figure,
QCL,Crops and livestock products,356,India,5412,Yield,1460.0,"Coconuts, in shell",2020,2020,kg/ha,6445.5,A,Official figure,
QCL,Crops and livestock products,356,India,5412,Yield,1460.0,"Coconuts, in shell",2021,2021,kg/ha,6503.4,A,Official figure,
QCL,Crops and livestock products,356,India,5412,Yield,1460.0,"Coconuts, in shell",2022,2022,kg/ha,6182.5,A,Official figure,
QCL,Crops and livestock products,356,India,5412,Yield,1460.0,"Coconuts, in shell",2023,2023,kg/ha,6220.0,A,Official figure,
QCL,Crops and livestock products,356,India,5412,Yield,1610.0,"Coffee, green",2000,2000,kg/ha,946.7,A,Official figure,
QCL,Crops and livestock products,356,India,5412,Yield,1610.0,"Coffee, green",2001,2001,kg/ha,958.8,A,Official figure,
QCL,Crops and livestock products,356,India,5412,Yield,1610.0,"Coffee, green",2002,2002,kg/ha,938.5,A,Official figure,
QCL,Crops and livestock products,356,India,5412,Yield,1610.0,"Coffee, green",2003,2003,kg/ha,858.6,A,Official figure,
QCL,Crops and livestock products,356,India,5412,Yield,1610.0,"Coffee, green",2004,2004,kg/ha,832.0,A,Official figure,
QCL,Crops and livestock products,356,India,5412,Yield,1610.0,"Coffee, green",2005,2005,kg/ha,826.5,A,Official figure,
QCL,Crops and livestock products,356,India,5412,Yield,1610.0,"Coffee, green",2006,2006,kg/ha,802.7,A,Official figure,
QCL,Crops and livestock products,356,India,5412,Yield,1610.0,"Coffee, green",2007,2007,kg/ha,839.6,A,Official figure,
QCL,Crops and livestock products,356,India,5412,Yield,1610.0,"Coffee, green",2008,2008,kg/ha,760.5,A,Official figure,
QCL,Crops and livestock products,356,India,5412,Yield,1610.0,"Coffee, green",2009,2009,kg/ha,748.4,A,Official figure,
QCL,Crops and livestock products,356,India,5412,Yield,1610.0,"Coffee, green",2010,2010,kg/ha,814.6,A,Official figure,
QCL,Crops and livestock products,356,India,5412,Yield,1610.0,"Coffee, green",2011,2011,kg/ha,837.8,A,Official figure,
QCL,Crops and livestock products,356,India,5412,Yield,1610.0,"Coffee, green",2012,2012,kg/ha,851.7,A,Official figure,
QCL,Crops and livestock products,356,India,5412,Yield,1610.0,"Coffee, green",2013,2013,kg/ha,845.6,A,Official figure,
QCL,Crops and livestock products,356,India,5412,Yield,1610.0,"Coffee, green",2014,2014,kg/ha,798.6,A,Official figure,
QCL,Crops and livestock products,356,India,5412,Yield,1610.0,"Coffee, green",2015,2015,kg/ha,772.6,A,Official figure,
QCL,Crops and livestock products,356,India,5412,Yield,1610.0,"Coffee, green",2016,2016,kg/ha,801.0,A,Official figure,
QCL,Crops and livestock products,356,India,5412,Yield,1610.0,"Coffee, green",2017,2017,kg/ha,694.3,A,Official figure,
QCL,Crops and livestock products,356,India,5412,Yield,1610.0,"Coffee, green",2018,2018,kg/ha,765.1,A,Official figure,
QCL,Crops and livestock products,356,India,5412,Yield,1610.0,"Coffee, green",2019,2019,kg/ha,766.7,A,Official figure,
QCL,Crops and livestock products,356,India,5412,Yield,1610.0,"Coffee, green",2020,2020,kg/ha,712.6,A,Official figure,
QCL,Crops and livestock products,356,India,5412,Yield,1610.0,"Coffee, green",2021,2021,kg/ha,789.7,A,Official figure,
QCL,Crops and livestock products,356,India,5412,Yield,1610.0,"Coffee, green",2022,2022,kg/ha,774.2,E,Estimated value,
QCL,Crops and livestock products,356,India,5412,Yield,1610.0,"Coffee, green",2023,2023,kg/ha,760.2,E,Estimated value,
QCL,Crops and livestock products,356,India,5412,Yield,1232.0,Cucumbers and gherkins,2000,2000,kg/ha,6611.1,E,Estimated value,
QCL,Crops and livestock products,356,India,5412,Yield,1232.0,Cucumbers and gherkins,2001,2001,kg/ha,6595.9,E,Estimated value,
QCL,Crops and livestock products,356,India,5412,Yield,1232.0,Cucumbers and gherkins,2002,2002,kg/ha,6576.6,E,Estimated value,
QCL,Crops and livestock products,356,India,5412,Yield,1232.0,Cucumbers and gherkins,2003,2003,kg/ha,6556.4,E,Estimated value,
QCL,Crops and livestock products,356,India,5412,Yield,1232.0,Cucumbers and gherkins,2004,2004,kg/ha,6534.4,E,Estimated value,
QCL,Crops and livestock products,356,India,5412,Yield,1232.0,Cucumbers and gherkins,2005,2005,kg/ha,6522.0,E,Estimated value,
QCL,Crops and livestock products,356,India,5412,Yield,1232.0,Cucumbers and gherkins,2006,2006,kg/ha,6493.8,E,Estimated value,
QCL,Crops and livestock products,356,India,5412,Yield,1232.0,Cucumbers and gherkins,2007,2007,kg/ha,6471.1,E,Estimated value,
QCL,Crops and livestock products,356,India,5412,Yield,1232.0,Cucumbers and gherkins,2008,2008,kg/ha,6448.0,E,Estimated value,
QCL,Crops and livestock products,356,India,5412,Yield,1232.0,Cucumbers and gherkins,2009,2009,kg/ha,6425.8,E,Estimated value,
QCL,Crops and livestock products,356,India,5412,Yield,1232.0,Cucumbers and gherkins,2010,2010,kg/ha,6405.2,E,Estimated value,
QCL,Crops and livestock products,356,India,5412,Yield,1232.0,Cucumbers and gherkins,2011,2011,kg/ha,6386.3,E,Estimated value,
QCL,Crops and livestock products,356,India,5412,Yield,1232.0,Cucumbers and gherkins,2012,2012,kg/ha,6339.6,E,Estimated value,
QCL,Crops and livestock products,356,India,5412,Yield,1232.0,Cucumbers and gherkins,2013,2013,kg/ha,6339.6,E,Estimated value,
QCL,Crops and livestock products,356,India,5412,Yield,1232.0,Cucumbers and gherkins,2014,2014,kg/ha,6331.5,E,Estimated value,
QCL,Crops and livestock products,356,India,5412,Yield,1232.0,Cucumbers and gherkins,2015,2015,kg/ha,6325.8,E,Estimated value,
QCL,Crops and livestock products,356,India,5412,Yield,1232.0,Cucumbers and gherkins,2016,2016,kg/ha,6332.2,E,Estimated value,
QCL,Crops and livestock products,356,India,5412,Yield,1232.0,Cucumbers and gherkins,2017,2017,kg/ha,6322.5,E,Estimated value,
QCL,Crops and livestock products,356,India,5412,Yield,1232.0,Cucumbers and gherkins,2018,2018,kg/ha,6303.6,E,Estimated value,
QCL,Crops and livestock products,356,India,5412,Yield,1232.0,Cucumbers and gherkins,2019,2019,kg/ha,6281.1,E,Estimated value,
QCL,Crops and livestock products,356,India,5412,Yield,1232.0,Cucumbers and gherkins,2020,2020,kg/ha,6490.1,E,Estimated value,
QCL,Crops and livestock products,356,India,5412,Yield,1232.0,Cucumbers and gherkins,2021,2021,kg/ha,6357.9,E,Estimated value,
QCL,Crops and livestock products,356,India,5412,Yield,1232.0,Cucumbers and gherkins,2022,2022,kg/ha,6375.9,E,Estimated value,
QCL,Crops and livestock products,356,India,5412,Yield,1232.0,Cucumbers and gherkins,2023,2023,kg/ha,6407.8,E,Estimated value,
QCL,Crops and livestock products,356,India,5412,Yield,1233.0,Eggplants (aubergines),2000,2000,kg/ha,16240.0,A,Official figure,
QCL,Crops and livestock products,356,India,5412,Yield,1233.0,Eggplants (aubergines),2001,2001,kg/ha,16383.0,A,Official figure,
QCL,Crops and livestock products,356,India,5412,Yield,1233.0,Eggplants (aubergines),2002,2002,kg/ha,16700.0,A,Official figure,
QCL,Crops and livestock products,356,India,5412,Yield,1233.0,Eggplants (aubergines),2003,2003,kg/ha,15660.0,A,Official figure,
QCL,Crops and livestock products,356,India,5412,Yield,1233.0,Eggplants (aubergines),2004,2004,kg/ha,16416.2,A,Official figure,
QCL,Crops and livestock products,356,India,5412,Yield,1233.0,Eggplants (aubergines),2005,2005,kg/ha,16335.8,A,Official figure,
QCL,Crops and livestock products,356,India,5412,Yield,1233.0,Eggplants (aubergines),2006,2006,kg/ha,16730.9,A,Official figure,
QCL,Crops and livestock products,356,India,5412,Yield,1233.0,Eggplants (aubergines),2007,2007,kg/ha,16642.6,A,Official figure,
QCL,Crops and livestock products,356,India,5412,Yield,1233.0,Eggplants (aubergines),2008,2008,kg/ha,17251.3,A,Official figure,
QCL,Crops and livestock products,356,India,5412,Yield,1233.0,Eggplants (aubergines),2009,2009,kg/ha,17287.4,A,Official figure,
QCL,Crops and livestock products,356,India,5412,Yield,1233.0,Eggplants (aubergines),2010,2010,kg/ha,17248.5,A,Official figure,
QCL,Crops and livestock products,356,India,5412,Yield,1233.0,Eggplants (aubergines),2011,2011,kg/ha,17494.1,A,Official figure,
QCL,Crops and livestock products,356,India,5412,Yield,1233.0,Eggplants (aubergines),2012,2012,kg/ha,18257.2,A,Official figure,
QCL,Crops and livestock products,356,India,5412,Yield,1233.0,Eggplants (aubergines),2013,2013,kg/ha,18620.5,A,Official figure,
QCL,Crops and livestock products,356,India,5412,Yield,1233.0,Eggplants (aubergines),2014,2014,kg/ha,19060.4,A,Official figure,
QCL,Crops and livestock products,356,India,5412,Yield,1233.0,Eggplants (aubergines),2015,2015,kg/ha,18705.8,A,Official figure,
QCL,Crops and livestock products,356,India,5412,Yield,1233.0,Eggplants (aubergines),2016,2016,kg/ha,18876.3,A,Official figure,
QCL,Crops and livestock products,356,India,5412,Yield,1233.0,Eggplants (aubergines),2017,2017,kg/ha,17066.8,A,Official figure,
QCL,Crops and livestock products,356,India,5412,Yield,1233.0,Eggplants (aubergines),2018,2018,kg/ha,17535.6,A,Official figure,
QCL,Crops and livestock products,356,India,5412,Yield,1233.0,Eggplants (aubergines),2019,2019,kg/ha,17441.5,A,Official figure,
QCL,Crops and livestock products,356,India,5412,Yield,1233.0,Eggplants (aubergines),2020,2020,kg/ha,17045.7,A,Official figure,
QCL,Crops and livestock products,356,India,5412,Yield,1233.0,Eggplants (aubergines),2021,2021,kg/ha,17188.3,A,Official figure,
QCL,Crops and livestock products,356,India,5412,Yield,1233.0,Eggplants (aubergines),2022,2022,kg/ha,18911.1,A,Official figure,
QCL,Crops and livestock products,356,India,5412,Yield,1233.0,Eggplants (aubergines),2023,2023,kg/ha,18784.1,A,Official figure,
QCL,Crops and livestock products,356,India,5412,Yield,1315.0,Figs,2000,2000,kg/ha,2311.3,E,Estimated value,
QCL,Crops and livestock products,356,India,5412,Yield,1315.0,Figs,2001,2001,kg/ha,2314.8,E,Estimated value,
QCL,Crops and livestock products,356,India,5412,Yield,1315.0,Figs,2002,2002,kg/ha,2318.3,E,Estimated value,
QCL,Crops and livestock products,356,India,5412,Yield,1315.0,Figs,2003,2003,kg/ha,2321.7,E,Estimated value,
QCL,Crops and livestock products,356,India,5412,Yield,1315.0,Figs,2004,2004,kg/ha,2333.7,E,Estimated value,
QCL,Crops and livestock products,356,India,5412,Yield,1315.0,Figs,2005,2005,kg/ha,2354.2,E,Estimated value,
QCL,Crops and livestock products,356,India,5412,Yield,1315.0,Figs,2006,2006,kg/ha,2374.7,E,Estimated value,
QCL,Crops and livestock products,356,India,5412,Yield,1315.0,Figs,2007,2007,kg/ha,2395.2,E,Estimated value,
QCL,Crops and livestock products,356,India,5412,Yield,1315.0,Figs,2008,2008,kg/ha,2415.7,E,Estimated value,
QCL,Crops and livestock products,356,India,5412,Yield,1315.0,Figs,2009,2009,kg/ha,2436.2,E,Estimated value,
QCL,Crops and livestock products,356,India,5412,Yield,1315.0,Figs,2010,2010,kg/ha,2456.7,E,Estimated value,
QCL,Crops and livestock products,356,India,5412,Yield,1315.0,Figs,2011,2011,kg/ha,2477.2,E,Estimated value,
QCL,Crops and livestock products,356,India,5412,Yield,1315.0,Figs,2012,2012,kg/ha,2497.7,E,Estimated value,
QCL,Crops and livestock products,356,India,5412,Yield,1315.0,Figs,2013,2013,kg/ha,2518.2,E,Estimated value,
QCL,Crops and livestock products,356,India,5412,Yield,1315.0,Figs,2014,2014,kg/ha,2525.9,E,Estimated value,
QCL,Crops and livestock products,356,India,5412,Yield,1315.0,Figs,2015,2015,kg/ha,2530.3,E,Estimated value,
QCL,Crops and livestock products,356,India,5412,Yield,1315.0,Figs,2016,2016,kg/ha,2540.7,E,Estimated value,
QCL,Crops and livestock products,356,India,5412,Yield,1315.0,Figs,2017,2017,kg/ha,2552.3,E,Estimated value,
QCL,Crops and livestock products,356,India,5412,Yield,1315.0,Figs,2018,2018,kg/ha,2560.8,E,Estimated value,
QCL,Crops and livestock products,356,India,5412,Yield,1315.0,Figs,2019,2019,kg/ha,2568.9,E,Estimated value,
QCL,Crops and livestock products,356,India,5412,Yield,1315.0,Figs,2020,2020,kg/ha,2584.0,E,Estimated value,
QCL,Crops and livestock products,356,India,5412,Yield,1315.0,Figs,2021,2021,kg/ha,2523.3,E,Estimated value,
QCL,Crops and livestock products,356,India,5412,Yield,1315.0,Figs,2022,2022,kg/ha,2516.7,E,Estimated value,
QCL,Crops and livestock products,356,India,5412,Yield,1315.0,Figs,2023,2023,kg/ha,2507.8,E,Estimated value,
QCL,Crops and livestock products,356,India,5412,Yield,1657.0,"Ginger, raw",2000,2000,kg/ha,3357.1,A,Official figure,
QCL,Crops and livestock products,356,India,5412,Yield,1657.0,"Ginger, raw",2001,2001,kg/ha,3264.9,E,Estimated value,
QCL,Crops and livestock products,356,India,5412,Yield,1657.0,"Ginger, raw",2002,2002,kg/ha,3201.6,E,Estimated value,
QCL,Crops and livestock products,356,India,5412,Yield,1657.0,"Ginger, raw",2003,2003,kg/ha,3176.9,A,Official figure,
QCL,Crops and livestock products,356,India,5412,Yield,1657.0,"Ginger, raw",2004,2004,kg/ha,3547.6,A,Official figure,
QCL,Crops and livestock products,356,India,5412,Yield,1657.0,"Ginger, raw",2005,2005,kg/ha,3767.1,A,Official figure,
QCL,Crops and livestock products,356,India,5412,Yield,1657.0,"Ginger, raw",2006,2006,kg/ha,3537.1,A,Official figure,
QCL,Crops and livestock products,356,India,5412,Yield,1657.0,"Ginger, raw",2007,2007,kg/ha,3707.8,A,Official figure,
QCL,Crops and livestock products,356,India,5412,Yield,1657.0,"Ginger, raw",2008,2008,kg/ha,3737.8,A,Official figure,
QCL,Crops and livestock products,356,India,5412,Yield,1657.0,"Ginger, raw",2009,2009,kg/ha,3498.7,A,Official figure,
QCL,Crops and livestock products,356,India,5412,Yield,1657.0,"Ginger, raw",2010,2010,kg/ha,3583.1,A,Official figure,
QCL,Crops and livestock products,356,India,5412,Yield,1657.0,"Ginger, raw",2011,2011,kg/ha,4708.2,A,Official figure,
QCL,Crops and livestock products,356,India,5412,Yield,1657.0,"Ginger, raw",2012,2012,kg/ha,4877.4,A,Official figure,
QCL,Crops and livestock products,356,India,5412,Yield,1657.0,"Ginger, raw",2013,2013,kg/ha,5022.1,A,Official figure,
QCL,Crops and livestock products,356,India,5412,Yield,1657.0,"Ginger, raw",2014,2014,kg/ha,4924.8,A,Official figure,
QCL,Crops and livestock products,356,India,5412,Yield,1657.0,"Ginger, raw",2015,2015,kg/ha,5352.1,A,Official figure,
QCL,Crops and livestock products,356,India,5412,Yield,1657.0,"Ginger, raw",2016,2016,kg/ha,6721.2,A,Official figure,
QCL,Crops and livestock products,356,India,5412,Yield,1657.0,"Ginger, raw",2017,2017,kg/ha,6369.0,A,Official figure,
QCL,Crops and livestock products,356,India,5412,Yield,1657.0,"Ginger, raw",2018,2018,kg/ha,10678.8,A,Official figure,
QCL,Crops and livestock products,356,India,5412,Yield,1657.0,"Ginger, raw",2019,2019,kg/ha,10902.4,A,Official figure,
QCL,Crops and livestock products,356,India,5412,Yield,1657.0,"Ginger, raw",2020,2020,kg/ha,10494.4,A,Official figure,
QCL,Crops and livestock products,356,India,5412,Yield,1657.0,"Ginger, raw",2021,2021,kg/ha,10853.7,A,Official figure,
QCL,Crops and livestock products,356,India,5412,Yield,1657.0,"Ginger, raw",2022,2022,kg/ha,11497.4,A,Official figure,
QCL,Crops and livestock products,356,India,5412,Yield,1657.0,"Ginger, raw",2023,2023,kg/ha,11523.6,A,Official figure,
QCL,Crops and livestock products,356,India,5412,Yield,1330.0,Grapes,2000,2000,kg/ha,28250.0,A,Official figure,
QCL,Crops and livestock products,356,India,5412,Yield,1330.0,Grapes,2001,2001,kg/ha,21200.0,A,Official figure,
QCL,Crops and livestock products,356,India,5412,Yield,1330.0,Grapes,2002,2002,kg/ha,24930.5,A,Official figure,
QCL,Crops and livestock products,356,India,5412,Yield,1330.0,Grapes,2003,2003,kg/ha,23950.1,A,Official figure,
QCL,Crops and livestock products,356,India,5412,Yield,1330.0,Grapes,2004,2004,kg/ha,25515.6,A,Official figure,
QCL,Crops and livestock products,356,India,5412,Yield,1330.0,Grapes,2005,2005,kg/ha,25862.8,A,Official figure,
QCL,Crops and livestock products,356,India,5412,Yield,1330.0,Grapes,2006,2006,kg/ha,24993.9,A,Official figure,
QCL,Crops and livestock products,356,India,5412,Yield,1330.0,Grapes,2007,2007,kg/ha,25927.7,A,Official figure,
QCL,Crops and livestock products,356,India,5412,Yield,1330.0,Grapes,2008,2008,kg/ha,25514.7,A,Official figure,
QCL,Crops and livestock products,356,India,5412,Yield,1330.0,Grapes,2009,2009,kg/ha,23475.0,A,Official figure,
QCL,Crops and livestock products,356,India,5412,Yield,1330.0,Grapes,2010,2010,kg/ha,8277.3,A,Official figure,
QCL,Crops and livestock products,356,India,5412,Yield,1330.0,Grapes,2011,2011,kg/ha,11126.1,A,Official figure,
QCL,Crops and livestock products,356,India,5412,Yield,1330.0,Grapes,2012,2012,kg/ha,19146.6,A,Official figure,
QCL,Crops and livestock products,356,India,5412,Yield,1330.0,Grapes,2013,2013,kg/ha,21042.4,A,Official figure,
QCL,Crops and livestock products,356,India,5412,Yield,1330.0,Grapes,2014,2014,kg/ha,21773.1,A,Official figure,
QCL,Crops and livestock products,356,India,5412,Yield,1330.0,Grapes,2015,2015,kg/ha,21683.3,A,Official figure,
QCL,Crops and livestock products,356,India,5412,Yield,1330.0,Grapes,2016,2016,kg/ha,21229.5,A,Official figure,
QCL,Crops and livestock products,356,India,5412,Yield,1330.0,Grapes,2017,2017,kg/ha,21328.5,A,Official figure,
QCL,Crops and livestock products,356,India,5412,Yield,1330.0,Grapes,2018,2018,kg/ha,21007.2,A,Official figure,
QCL,Crops and livestock products,356,India,5412,Yield,1330.0,Grapes,2019,2019,kg/ha,21721.4,A,Official figure,
QCL,Crops and livestock products,356,India,5412,Yield,1330.0,Grapes,2020,2020,kg/ha,21206.7,A,Official figure,
QCL,Crops and livestock products,356,India,5412,Yield,1330.0,Grapes,2021,2021,kg/ha,21664.5,A,Official figure,
QCL,Crops and livestock products,356,India,5412,Yield,1330.0,Grapes,2022,2022,kg/ha,20865.0,A,Official figure,
QCL,Crops and livestock products,356,India,5412,Yield,1330.0,Grapes,2023,2023,kg/ha,22130.2,A,Official figure,
QCL,Crops and livestock products,356,India,5412,Yield,1252.0,Green garlic,2000,2000,kg/ha,4210.3,A,Official figure,
QCL,Crops and livestock products,356,India,5412,Yield,1252.0,Green garlic,2001,2001,kg/ha,4140.0,E,Estimated value,
QCL,Crops and livestock products,356,India,5412,Yield,1252.0,Green garlic,2002,2002,kg/ha,4387.7,E,Estimated value,
QCL,Crops and livestock products,356,India,5412,Yield,1252.0,Green garlic,2003,2003,kg/ha,4098.7,A,Official figure,
QCL,Crops and livestock products,356,India,5412,Yield,1252.0,Green garlic,2004,2004,kg/ha,4975.5,A,Official figure,
QCL,Crops and livestock products,356,India,5412,Yield,1252.0,Green garlic,2005,2005,kg/ha,4487.2,A,Official figure,
QCL,Crops and livestock products,356,India,5412,Yield,1252.0,Green garlic,2006,2006,kg/ha,4434.4,A,Official figure,
QCL,Crops and livestock products,356,India,5412,Yield,1252.0,Green garlic,2007,2007,kg/ha,4876.3,A,Official figure,
QCL,Crops and livestock products,356,India,5412,Yield,1252.0,Green garlic,2008,2008,kg/ha,5183.9,A,Official figure,
QCL,Crops and livestock products,356,India,5412,Yield,1252.0,Green garlic,2009,2009,kg/ha,5000.3,A,Official figure,
QCL,Crops and livestock products,356,India,5412,Yield,1252.0,Green garlic,2010,2010,kg/ha,5058.7,A,Official figure,
QCL,Crops and livestock products,356,India,5412,Yield,1252.0,Green garlic,2011,2011,kg/ha,5273.2,A,Official figure,
QCL,Crops and livestock products,356,India,5412,Yield,1252.0,Green garlic,2012,2012,kg/ha,5074.4,A,Official figure,
QCL,Crops and livestock products,356,India,5412,Yield,1252.0,Green garlic,2013,2013,kg/ha,5076.6,A,Official figure,
QCL,Crops and livestock products,356,India,5412,Yield,1252.0,Green garlic,2014,2014,kg/ha,5419.9,A,Official figure,
QCL,Crops and livestock products,356,India,5412,Yield,1252.0,Green garlic,2015,2015,kg/ha,5438.9,A,Official figure,
QCL,Crops and livestock products,356,India,5412,Yield,1252.0,Green garlic,2016,2016,kg/ha,5754.4,A,Official figure,
QCL,Crops and livestock products,356,India,5412,Yield,1252.0,Green garlic,2017,2017,kg/ha,5274.1,A,Official figure,
QCL,Crops and livestock products,356,India,5412,Yield,1252.0,Green garlic,2018,2018,kg/ha,5082.0,A,Official figure,
QCL,Crops and livestock products,356,India,5412,Yield,1252.0,Green garlic,2019,2019,kg/ha,8128.5,A,Official figure,
QCL,Crops and livestock products,356,India,5412,Yield,1252.0,Green garlic,2020,2020,kg/ha,8309.7,A,Official figure,
QCL,Crops and livestock products,356,India,5412,Yield,1252.0,Green garlic,2021,2021,kg/ha,8137.8,A,Official figure,
QCL,Crops and livestock products,356,India,5412,Yield,1252.0,Green garlic,2022,2022,kg/ha,8162.8,A,Official figure,
QCL,Crops and livestock products,356,India,5412,Yield,1252.0,Green garlic,2023,2023,kg/ha,7994.0,E,Estimated value,
QCL,Crops and livestock products,356,India,5412,Yield,142.0,"Groundnuts, excluding shelled",2000,2000,kg/ha,988.1,A,Official figure,
QCL,Crops and livestock products,356,India,5412,Yield,142.0,"Groundnuts, excluding shelled",2001,2001,kg/ha,1126.5,A,Official figure,
QCL,Crops and livestock products,356,India,5412,Yield,142.0,"Groundnuts, excluding shelled",2002,2002,kg/ha,694.3,A,Official figure,
QCL,Crops and livestock products,356,India,5412,Yield,142.0,"Groundnuts, excluding shelled",2003,2003,kg/ha,1357.4,A,Official figure,
QCL,Crops and livestock products,356,India,5412,Yield,142.0,"Groundnuts, excluding shelled",2004,2004,kg/ha,1020.2,A,Official figure,
QCL,Crops and livestock products,356,India,5412,Yield,142.0,"Groundnuts, excluding shelled",2005,2005,kg/ha,1186.7,A,Official figure,
QCL,Crops and livestock products,356,India,5412,Yield,142.0,"Groundnuts, excluding shelled",2006,2006,kg/ha,866.1,A,Official figure,
QCL,Crops and livestock products,356,India,5412,Yield,142.0,"Groundnuts, excluding shelled",2007,2007,kg/ha,1459.4,A,Official figure,
QCL,Crops and livestock products,356,India,5412,Yield,142.0,"Groundnuts, excluding shelled",2008,2008,kg/ha,1162.7,A,Official figure,
QCL,Crops and livestock products,356,India,5412,Yield,142.0,"Groundnuts, excluding shelled",2009,2009,kg/ha,991.1,A,Official figure,
QCL,Crops and livestock products,356,India,5412,Yield,142.0,"Groundnuts, excluding shelled",2010,2010,kg/ha,1410.4,A,Official figure,
QCL,Crops and livestock products,356,India,5412,Yield,142.0,"Groundnuts, excluding shelled",2011,2011,kg/ha,1311.5,A,Official figure,
QCL,Crops and livestock products,356,India,5412,Yield,142.0,"Groundnuts, excluding shelled",2012,2012,kg/ha,984.3,A,Official figure,
QCL,Crops and livestock products,356,India,5412,Yield,142.0,"Groundnuts, excluding shelled",2013,2013,kg/ha,1720.6,A,Official figure,
QCL,Crops and livestock products,356,India,5412,Yield,142.0,"Groundnuts, excluding shelled",2014,2014,kg/ha,1579.9,A,Official figure,
QCL,Crops and livestock products,356,India,5412,Yield,142.0,"Groundnuts, excluding shelled",2015,2015,kg/ha,1476.5,A,Official figure,
QCL,Crops and livestock products,356,India,5412,Yield,142.0,"Groundnuts, excluding shelled",2016,2016,kg/ha,1405.3,A,Official figure,
QCL,Crops and livestock products,356,India,5412,Yield,142.0,"Groundnuts, excluding shelled",2017,2017,kg/ha,1397.8,A,Official figure,
QCL,Crops and livestock products,356,India,5412,Yield,142.0,"Groundnuts, excluding shelled",2018,2018,kg/ha,1893.0,A,Official figure,
QCL,Crops and livestock products,356,India,5412,Yield,142.0,"Groundnuts, excluding shelled",2019,2019,kg/ha,1422.0,A,Official figure,
QCL,Crops and livestock products,356,India,5412,Yield,142.0,"Groundnuts, excluding shelled",2020,2020,kg/ha,2062.5,A,Official figure,
QCL,Crops and livestock products,356,India,5412,Yield,142.0,"Groundnuts, excluding shelled",2021,2021,kg/ha,1703.1,A,Official figure,
QCL,Crops and livestock products,356,India,5412,Yield,142.0,"Groundnuts, excluding shelled",2022,2022,kg/ha,1776.6,A,Official figure,
QCL,Crops and livestock products,356,India,5412,Yield,142.0,"Groundnuts, excluding shelled",2023,2023,kg/ha,2075.5,A,Official figure,
QCL,Crops and livestock products,356,India,5412,Yield,1922.01,"Jute, raw or retted",2000,2000,kg/ha,2025.7,A,Official figure,
QCL,Crops and livestock products,356,India,5412,Yield,1922.01,"Jute, raw or retted",2001,2001,kg/ha,2182.0,A,Official figure,
QCL,Crops and livestock products,356,India,5412,Yield,1922.01,"Jute, raw or retted",2002,2002,kg/ha,2144.4,A,Official figure,
QCL,Crops and livestock products,356,India,5412,Yield,1922.01,"Jute, raw or retted",2003,2003,kg/ha,2173.1,A,Official figure,
QCL,Crops and livestock products,356,India,5412,Yield,1922.01,"Jute, raw or retted",2004,2004,kg/ha,2186.3,A,Official figure,
QCL,Crops and livestock products,356,India,5412,Yield,1922.01,"Jute, raw or retted",2005,2005,kg/ha,2362.5,A,Official figure,
QCL,Crops and livestock products,356,India,5412,Yield,1922.01,"Jute, raw or retted",2006,2006,kg/ha,2347.7,A,Official figure,
QCL,Crops and livestock products,356,India,5412,Yield,1922.01,"Jute, raw or retted",2007,2007,kg/ha,2254.9,A,Official figure,
QCL,Crops and livestock products,356,India,5412,Yield,1922.01,"Jute, raw or retted",2008,2008,kg/ha,2207.2,A,Official figure,
QCL,Crops and livestock products,356,India,5412,Yield,1922.01,"Jute, raw or retted",2009,2009,kg/ha,2492.0,A,Official figure,
QCL,Crops and livestock products,356,India,5412,Yield,1922.01,"Jute, raw or retted",2010,2010,kg/ha,2343.7,A,Official figure,
QCL,Crops and livestock products,356,India,5412,Yield,1922.01,"Jute, raw or retted",2011,2011,kg/ha,2450.5,A,Official figure,
QCL,Crops and livestock products,356,India,5412,Yield,1922.01,"Jute, raw or retted",2012,2012,kg/ha,2390.0,A,Official figure,
QCL,Crops and livestock products,356,India,5412,Yield,1922.01,"Jute, raw or retted",2013,2013,kg/ha,2430.0,A,Official figure,
QCL,Crops and livestock products,356,India,5412,Yield,1922.01,"Jute, raw or retted",2014,2014,kg/ha,2655.9,A,Official figure,
QCL,Crops and livestock products,356,India,5412,Yield,1922.01,"Jute, raw or retted",2015,2015,kg/ha,2314.6,A,Official figure,
QCL,Crops and livestock products,356,India,5412,Yield,1922.01,"Jute, raw or retted",2016,2016,kg/ha,2519.3,E,Estimated value,
QCL,Crops and livestock products,356,India,5412,Yield,1922.01,"Jute, raw or retted",2017,2017,kg/ha,2659.5,A,Official figure,
QCL,Crops and livestock products,356,India,5412,Yield,1922.01,"Jute, raw or retted",2018,2018,kg/ha,2517.5,A,Official figure,
QCL,Crops and livestock products,356,India,5412,Yield,1922.01,"Jute, raw or retted",2019,2019,kg/ha,2569.5,A,Official figure,
QCL,Crops and livestock products,356,India,5412,Yield,1922.01,"Jute, raw or retted",2020,2020,kg/ha,2706.6,A,Official figure,
QCL,Crops and livestock products,356,India,5412,Yield,1922.01,"Jute, raw or retted",2021,2021,kg/ha,2591.5,A,Official figure,
QCL,Crops and livestock products,356,India,5412,Yield,1922.01,"Jute, raw or retted",2022,2022,kg/ha,2792.5,A,Official figure,
QCL,Crops and livestock products,356,India,5412,Yield,1922.01,"Jute, raw or retted",2023,2023,kg/ha,2613.6,A,Official figure,
QCL,Crops and livestock products,356,India,5412,Yield,1922.02,"Kenaf, and other textile bast fibres, raw or retted",2000,2000,kg/ha,1077.7,A,Official figure,
QCL,Crops and livestock products,356,India,5412,Yield,1922.02,"Kenaf, and other textile bast fibres, raw or retted",2001,2001,kg/ha,1175.9,A,Official figure,
QCL,Crops and livestock products,356,India,5412,Yield,1922.02,"Kenaf, and other textile bast fibres, raw or retted",2002,2002,kg/ha,1131.5,A,Official figure,
QCL,Crops and livestock products,356,India,5412,Yield,1922.02,"Kenaf, and other textile bast fibres, raw or retted",2003,2003,kg/ha,1055.7,A,Official figure,
QCL,Crops and livestock products,356,India,5412,Yield,1922.02,"Kenaf, and other textile bast fibres, raw or retted",2004,2004,kg/ha,1087.4,A,Official figure,
QCL,Crops and livestock products,356,India,5412,Yield,1922.02,"Kenaf, and other textile bast fibres, raw or retted",2005,2005,kg/ha,1108.2,A,Official figure,
QCL,Crops and livestock products,356,India,5412,Yield,1922.02,"Kenaf, and other textile bast fibres, raw or retted",2006,2006,kg/ha,1135.7,A,Official figure,
QCL,Crops and livestock products,356,India,5412,Yield,1922.02,"Kenaf, and other textile bast fibres, raw or retted",2007,2007,kg/ha,1195.0,A,Official figure,
QCL,Crops and livestock products,356,India,5412,Yield,1922.02,"Kenaf, and other textile bast fibres, raw or retted",2008,2008,kg/ha,1320.0,A,Official figure,
QCL,Crops and livestock products,356,India,5412,Yield,1922.02,"Kenaf, and other textile bast fibres, raw or retted",2009,2009,kg/ha,1096.5,A,Official figure,
QCL,Crops and livestock products,356,India,5412,Yield,1922.02,"Kenaf, and other textile bast fibres, raw or retted",2010,2010,kg/ha,1223.0,A,Official figure,
QCL,Crops and livestock products,356,India,5412,Yield,1922.02,"Kenaf, and other textile bast fibres, raw or retted",2011,2011,kg/ha,1271.4,A,Official figure,
QCL,Crops and livestock products,356,India,5412,Yield,1922.02,"Kenaf, and other textile bast fibres, raw or retted",2012,2012,kg/ha,1298.9,A,Official figure,
QCL,Crops and livestock products,356,India,5412,Yield,1922.02,"Kenaf, and other textile bast fibres, raw or retted",2013,2013,kg/ha,1080.0,A,Official figure,
QCL,Crops and livestock products,356,India,5412,Yield,1922.02,"Kenaf, and other textile bast fibres, raw or retted",2014,2014,kg/ha,1176.7,E,Estimated value,
QCL,Crops and livestock products,356,India,5412,Yield,1922.02,"Kenaf, and other textile bast fibres, raw or retted",2015,2015,kg/ha,1216.1,E,Estimated value,
QCL,Crops and livestock products,356,India,5412,Yield,1922.02,"Kenaf, and other textile bast fibres, raw or retted",2016,2016,kg/ha,1152.7,E,Estimated value,
QCL,Crops and livestock products,356,India,5412,Yield,1922.02,"Kenaf, and other textile bast fibres, raw or retted",2017,2017,kg/ha,1180.7,E,Estimated value,
QCL,Crops and livestock products,356,India,5412,Yield,1922.02,"Kenaf, and other textile bast fibres, raw or retted",2018,2018,kg/ha,1182.1,E,Estimated value,
QCL,Crops and livestock products,356,India,5412,Yield,1922.02,"Kenaf, and other textile bast fibres, raw or retted",2019,2019,kg/ha,1171.5,E,Estimated value,
QCL,Crops and livestock products,356,India,5412,Yield,1922.02,"Kenaf, and other textile bast fibres, raw or retted",2020,2020,kg/ha,1178.1,E,Estimated value,
QCL,Crops and livestock products,356,India,5412,Yield,1922.02,"Kenaf, and other textile bast fibres, raw or retted",2021,2021,kg/ha,1177.2,E,Estimated value,
QCL,Crops and livestock products,356,India,5412,Yield,1922.02,"Kenaf, and other textile bast fibres, raw or retted",2022,2022,kg/ha,1175.6,E,Estimated value,
QCL,Crops and livestock products,356,India,5412,Yield,1922.02,"Kenaf, and other textile bast fibres, raw or retted",2023,2023,kg/ha,1176.9,E,Estimated value,
QCL,Crops and livestock products,356,India,5412,Yield,1322.0,Lemons and limes,2000,2000,kg/ha,8809.8,A,Official figure,
QCL,Crops and livestock products,356,India,5412,Yield,1322.0,Lemons and limes,2001,2001,kg/ha,8387.3,A,Official figure,
QCL,Crops and livestock products,356,India,5412,Yield,1322.0,Lemons and limes,2002,2002,kg/ha,8764.4,A,Official figure,
QCL,Crops and livestock products,356,India,5412,Yield,1322.0,Lemons and limes,2003,2003,kg/ha,9846.8,A,Official figure,
QCL,Crops and livestock products,356,India,5412,Yield,1322.0,Lemons and limes,2004,2004,kg/ha,8899.3,A,Official figure,
QCL,Crops and livestock products,356,India,5412,Yield,1322.0,Lemons and limes,2005,2005,kg/ha,13093.8,A,Official figure,
QCL,Crops and livestock products,356,India,5412,Yield,1322.0,Lemons and limes,2006,2006,kg/ha,8035.0,A,Official figure,
QCL,Crops and livestock products,356,India,5412,Yield,1322.0,Lemons and limes,2007,2007,kg/ha,7833.8,A,Official figure,
QCL,Crops and livestock products,356,India,5412,Yield,1322.0,Lemons and limes,2008,2008,kg/ha,8261.9,A,Official figure,
QCL,Crops and livestock products,356,India,5412,Yield,1322.0,Lemons and limes,2009,2009,kg/ha,8136.5,A,Official figure,
QCL,Crops and livestock products,356,India,5412,Yield,1322.0,Lemons and limes,2010,2010,kg/ha,8894.5,A,Official figure,
QCL,Crops and livestock products,356,India,5412,Yield,1322.0,Lemons and limes,2011,2011,kg/ha,9625.6,A,Official figure,
QCL,Crops and livestock products,356,India,5412,Yield,1322.0,Lemons and limes,2012,2012,kg/ha,9709.8,A,Official figure,
QCL,Crops and livestock products,356,India,5412,Yield,1322.0,Lemons and limes,2013,2013,kg/ha,9888.3,A,Official figure,
QCL,Crops and livestock products,356,India,5412,Yield,1322.0,Lemons and limes,2014,2014,kg/ha,9898.5,A,Official figure,
QCL,Crops and livestock products,356,India,5412,Yield,1322.0,Lemons and limes,2015,2015,kg/ha,11007.5,A,Official figure,
QCL,Crops and livestock products,356,India,5412,Yield,1322.0,Lemons and limes,2016,2016,kg/ha,9951.0,A,Official figure,
QCL,Crops and livestock products,356,India,5412,Yield,1322.0,Lemons and limes,2017,2017,kg/ha,9532.3,A,Official figure,
QCL,Crops and livestock products,356,India,5412,Yield,1322.0,Lemons and limes,2018,2018,kg/ha,11007.0,A,Official figure,
QCL,Crops and livestock products,356,India,5412,Yield,1322.0,Lemons and limes,2019,2019,kg/ha,11416.4,A,Official figure,
QCL,Crops and livestock products,356,India,5412,Yield,1322.0,Lemons and limes,2020,2020,kg/ha,11450.3,A,Official figure,
QCL,Crops and livestock products,356,India,5412,Yield,1322.0,Lemons and limes,2021,2021,kg/ha,10850.2,A,Official figure,
QCL,Crops and livestock products,356,India,5412,Yield,1322.0,Lemons and limes,2022,2022,kg/ha,12063.9,A,Official figure,
QCL,Crops and livestock products,356,India,5412,Yield,1322.0,Lemons and limes,2023,2023,kg/ha,12137.8,A,Official figure,
QCL,Crops and livestock products,356,India,5412,Yield,1704.0,"Lentils, dry",2000,2000,kg/ha,738.2,A,Official figure,
QCL,Crops and livestock products,356,India,5412,Yield,1704.0,"Lentils, dry",2001,2001,kg/ha,619.3,A,Official figure,
QCL,Crops and livestock products,356,India,5412,Yield,1704.0,"Lentils, dry",2002,2002,kg/ha,662.9,A,Official figure,
QCL,Crops and livestock products,356,India,5412,Yield,1704.0,"Lentils, dry",2003,2003,kg/ha,632.8,A,Official figure,
QCL,Crops and livestock products,356,India,5412,Yield,1704.0,"Lentils, dry",2004,2004,kg/ha,741.3,A,Official figure,
QCL,Crops and livestock products,356,India,5412,Yield,1704.0,"Lentils, dry",2005,2005,kg/ha,676.3,A,Official figure,
QCL,Crops and livestock products,356,India,5412,Yield,1704.0,"Lentils, dry",2006,2006,kg/ha,626.6,A,Official figure,
QCL,Crops and livestock products,356,India,5412,Yield,1704.0,"Lentils, dry",2007,2007,kg/ha,619.0,A,Official figure,
QCL,Crops and livestock products,356,India,5412,Yield,1704.0,"Lentils, dry",2008,2008,kg/ha,618.3,A,Official figure,
QCL,Crops and livestock products,356,India,5412,Yield,1704.0,"Lentils, dry",2009,2009,kg/ha,692.9,A,Official figure,
QCL,Crops and livestock products,356,India,5412,Yield,1704.0,"Lentils, dry",2010,2010,kg/ha,697.3,A,Official figure,
QCL,Crops and livestock products,356,India,5412,Yield,1704.0,"Lentils, dry",2011,2011,kg/ha,590.8,A,Official figure,
QCL,Crops and livestock products,356,India,5412,Yield,1704.0,"Lentils, dry",2012,2012,kg/ha,677.8,A,Official figure,
QCL,Crops and livestock products,356,India,5412,Yield,1704.0,"Lentils, dry",2013,2013,kg/ha,796.9,A,Official figure,
QCL,Crops and livestock products,356,India,5412,Yield,1704.0,"Lentils, dry",2014,2014,kg/ha,758.4,A,Official figure,
QCL,Crops and livestock products,356,India,5412,Yield,1704.0,"Lentils, dry",2015,2015,kg/ha,704.6,A,Official figure,
QCL,Crops and livestock products,356,India,5412,Yield,1704.0,"Lentils, dry",2016,2016,kg/ha,764.9,A,Official figure,
QCL,Crops and livestock products,356,India,5412,Yield,1704.0,"Lentils, dry",2017,2017,kg/ha,837.6,A,Official figure,
QCL,Crops and livestock products,356,India,5412,Yield,1704.0,"Lentils, dry",2018,2018,kg/ha,1046.9,A,Official figure,
QCL,Crops and livestock products,356,India,5412,Yield,1704.0,"Lentils, dry",2019,2019,kg/ha,901.0,A,Official figure,
QCL,Crops and livestock products,356,India,5412,Yield,1704.0,"Lentils, dry",2020,2020,kg/ha,846.7,A,Official figure,
QCL,Crops and livestock products,356,India,5412,Yield,1704.0,"Lentils, dry",2021,2021,kg/ha,1017.4,A,Official figure,
QCL,Crops and livestock products,356,India,5412,Yield,1704.0,"Lentils, dry",2022,2022,kg/ha,898.7,A,Official figure,
QCL,Crops and livestock products,356,India,5412,Yield,1704.0,"Lentils, dry",2023,2023,kg/ha,952.3,A,Official figure,
QCL,Crops and livestock products,356,India,5412,Yield,1214.0,Lettuce and chicory,2000,2000,kg/ha,6541.7,E,Estimated value,
QCL,Crops and livestock products,356,India,5412,Yield,1214.0,Lettuce and chicory,2001,2001,kg/ha,6510.8,E,Estimated value,
QCL,Crops and livestock products,356,India,5412,Yield,1214.0,Lettuce and chicory,2002,2002,kg/ha,6490.9,E,Estimated value,
QCL,Crops and livestock products,356,India,5412,Yield,1214.0,Lettuce and chicory,2003,2003,kg/ha,6472.6,E,Estimated value,
QCL,Crops and livestock products,356,India,5412,Yield,1214.0,Lettuce and chicory,2004,2004,kg/ha,6455.1,E,Estimated value,
QCL,Crops and livestock products,356,India,5412,Yield,1214.0,Lettuce and chicory,2005,2005,kg/ha,6413.5,E,Estimated value,
QCL,Crops and livestock products,356,India,5412,Yield,1214.0,Lettuce and chicory,2006,2006,kg/ha,6433.2,E,Estimated value,
QCL,Crops and livestock products,356,India,5412,Yield,1214.0,Lettuce and chicory,2007,2007,kg/ha,6421.8,E,Estimated value,
QCL,Crops and livestock products,356,India,5412,Yield,1214.0,Lettuce and chicory,2008,2008,kg/ha,6410.7,E,Estimated value,
QCL,Crops and livestock products,356,India,5412,Yield,1214.0,Lettuce and chicory,2009,2009,kg/ha,6400.9,E,Estimated value,
QCL,Crops and livestock products,356,India,5412,Yield,1214.0,Lettuce and chicory,2010,2010,kg/ha,6392.5,E,Estimated value,
QCL,Crops and livestock products,356,India,5412,Yield,1214.0,Lettuce and chicory,2011,2011,kg/ha,6385.2,E,Estimated value,
QCL,Crops and livestock products,356,India,5412,Yield,1214.0,Lettuce and chicory,2012,2012,kg/ha,6323.5,E,Estimated value,
QCL,Crops and livestock products,356,India,5412,Yield,1214.0,Lettuce and chicory,2013,2013,kg/ha,6352.9,E,Estimated value,
QCL,Crops and livestock products,356,India,5412,Yield,1214.0,Lettuce and chicory,2014,2014,kg/ha,6350.8,E,Estimated value,
QCL,Crops and livestock products,356,India,5412,Yield,1214.0,Lettuce and chicory,2015,2015,kg/ha,6345.2,E,Estimated value,
QCL,Crops and livestock products,356,India,5412,Yield,1214.0,Lettuce and chicory,2016,2016,kg/ha,6349.5,E,Estimated value,
QCL,Crops and livestock products,356,India,5412,Yield,1214.0,Lettuce and chicory,2017,2017,kg/ha,6334.8,E,Estimated value,
QCL,Crops and livestock products,356,India,5412,Yield,1214.0,Lettuce and chicory,2018,2018,kg/ha,6319.3,E,Estimated value,
QCL,Crops and livestock products,356,India,5412,Yield,1214.0,Lettuce and chicory,2019,2019,kg/ha,6307.7,E,Estimated value,
QCL,Crops and livestock products,356,India,5412,Yield,1214.0,Lettuce and chicory,2020,2020,kg/ha,6548.0,E,Estimated value,
QCL,Crops and livestock products,356,India,5412,Yield,1214.0,Lettuce and chicory,2021,2021,kg/ha,6391.4,E,Estimated value,
QCL,Crops and livestock products,356,India,5412,Yield,1214.0,Lettuce and chicory,2022,2022,kg/ha,6415.3,E,Estimated value,
QCL,Crops and livestock products,356,India,5412,Yield,1214.0,Lettuce and chicory,2023,2023,kg/ha,6451.4,E,Estimated value,
QCL,Crops and livestock products,356,India,5412,Yield,1441.0,Linseed,2000,2000,kg/ha,406.0,A,Official figure,
QCL,Crops and livestock products,356,India,5412,Yield,1441.0,Linseed,2001,2001,kg/ha,350.9,A,Official figure,
QCL,Crops and livestock products,356,India,5412,Yield,1441.0,Linseed,2002,2002,kg/ha,390.3,A,Official figure,
QCL,Crops and livestock products,356,India,5412,Yield,1441.0,Linseed,2003,2003,kg/ha,392.6,A,Official figure,
QCL,Crops and livestock products,356,India,5412,Yield,1441.0,Linseed,2004,2004,kg/ha,412.4,A,Official figure,
QCL,Crops and livestock products,356,India,5412,Yield,1441.0,Linseed,2005,2005,kg/ha,378.2,A,Official figure,
QCL,Crops and livestock products,356,India,5412,Yield,1441.0,Linseed,2006,2006,kg/ha,394.9,A,Official figure,
QCL,Crops and livestock products,356,India,5412,Yield,1441.0,Linseed,2007,2007,kg/ha,394.1,A,Official figure,
QCL,Crops and livestock products,356,India,5412,Yield,1441.0,Linseed,2008,2008,kg/ha,348.3,A,Official figure,
QCL,Crops and livestock products,356,India,5412,Yield,1441.0,Linseed,2009,2009,kg/ha,414.8,A,Official figure,
QCL,Crops and livestock products,356,India,5412,Yield,1441.0,Linseed,2010,2010,kg/ha,449.4,A,Official figure,
QCL,Crops and livestock products,356,India,5412,Yield,1441.0,Linseed,2011,2011,kg/ha,409.5,A,Official figure,
QCL,Crops and livestock products,356,India,5412,Yield,1441.0,Linseed,2012,2012,kg/ha,470.6,A,Official figure,
QCL,Crops and livestock products,356,India,5412,Yield,1441.0,Linseed,2013,2013,kg/ha,496.6,A,Official figure,
QCL,Crops and livestock products,356,India,5412,Yield,1441.0,Linseed,2014,2014,kg/ha,483.6,A,Official figure,
QCL,Crops and livestock products,356,India,5412,Yield,1441.0,Linseed,2015,2015,kg/ha,543.9,A,Official figure,
QCL,Crops and livestock products,356,India,5412,Yield,1441.0,Linseed,2016,2016,kg/ha,419.5,A,Official figure,
QCL,Crops and livestock products,356,India,5412,Yield,1441.0,Linseed,2017,2017,kg/ha,566.5,A,Official figure,
QCL,Crops and livestock products,356,India,5412,Yield,1441.0,Linseed,2018,2018,kg/ha,532.7,A,Official figure,
QCL,Crops and livestock products,356,India,5412,Yield,1441.0,Linseed,2019,2019,kg/ha,573.6,A,Official figure,
QCL,Crops and livestock products,356,India,5412,Yield,1441.0,Linseed,2020,2020,kg/ha,670.8,A,Official figure,
QCL,Crops and livestock products,356,India,5412,Yield,1441.0,Linseed,2021,2021,kg/ha,636.8,A,Official figure,
QCL,Crops and livestock products,356,India,5412,Yield,1441.0,Linseed,2022,2022,kg/ha,642.1,A,Official figure,
QCL,Crops and livestock products,356,India,5412,Yield,1441.0,Linseed,2023,2023,kg/ha,698.5,A,Official figure,
QCL,Crops and livestock products,356,India,5412,Yield,112.0,Maize (corn),2000,2000,kg/ha,1821.6,A,Official figure,
QCL,Crops and livestock products,356,India,5412,Yield,112.0,Maize (corn),2001,2001,kg/ha,1999.6,A,Official figure,
QCL,Crops and livestock products,356,India,5412,Yield,112.0,Maize (corn),2002,2002,kg/ha,1680.7,A,Official figure,
QCL,Crops and livestock products,356,India,5412,Yield,112.0,Maize (corn),2003,2003,kg/ha,2040.5,A,Official figure,
QCL,Crops and livestock products,356,India,5412,Yield,112.0,Maize (corn),2004,2004,kg/ha,1907.3,A,Official figure,
QCL,Crops and livestock products,356,India,5412,Yield,112.0,Maize (corn),2005,2005,kg/ha,1938.5,A,Official figure,
QCL,Crops and livestock products,356,India,5412,Yield,112.0,Maize (corn),2006,2006,kg/ha,1912.5,A,Official figure,
QCL,Crops and livestock products,356,India,5412,Yield,112.0,Maize (corn),2007,2007,kg/ha,2335.2,A,Official figure,
QCL,Crops and livestock products,356,India,5412,Yield,112.0,Maize (corn),2008,2008,kg/ha,2414.0,A,Official figure,
QCL,Crops and livestock products,356,India,5412,Yield,112.0,Maize (corn),2009,2009,kg/ha,2023.8,A,Official figure,
QCL,Crops and livestock products,356,India,5412,Yield,112.0,Maize (corn),2010,2010,kg/ha,2540.1,A,Official figure,
QCL,Crops and livestock products,356,India,5412,Yield,112.0,Maize (corn),2011,2011,kg/ha,2478.4,A,Official figure,
QCL,Crops and livestock products,356,India,5412,Yield,112.0,Maize (corn),2012,2012,kg/ha,2555.7,A,Official figure,
QCL,Crops and livestock products,356,India,5412,Yield,112.0,Maize (corn),2013,2013,kg/ha,2572.6,A,Official figure,
QCL,Crops and livestock products,356,India,5412,Yield,112.0,Maize (corn),2014,2014,kg/ha,2572.6,A,Official figure,
QCL,Crops and livestock products,356,India,5412,Yield,112.0,Maize (corn),2015,2015,kg/ha,2610.7,A,Official figure,
QCL,Crops and livestock products,356,India,5412,Yield,112.0,Maize (corn),2016,2016,kg/ha,2597.2,A,Official figure,
QCL,Crops and livestock products,356,India,5412,Yield,112.0,Maize (corn),2017,2017,kg/ha,2688.6,A,Official figure,
QCL,Crops and livestock products,356,India,5412,Yield,112.0,Maize (corn),2018,2018,kg/ha,3065.3,A,Official figure,
QCL,Crops and livestock products,356,India,5412,Yield,112.0,Maize (corn),2019,2019,kg/ha,3070.2,A,Official figure,
QCL,Crops and livestock products,356,India,5412,Yield,112.0,Maize (corn),2020,2020,kg/ha,3006.1,A,Official figure,
QCL,Crops and livestock products,356,India,5412,Yield,112.0,Maize (corn),2021,2021,kg/ha,3199.3,A,Official figure,
QCL,Crops and livestock products,356,India,5412,Yield,112.0,Maize (corn),2022,2022,kg/ha,3387.2,A,Official figure,
QCL,Crops and livestock products,356,India,5412,Yield,112.0,Maize (corn),2023,2023,kg/ha,3544.9,A,Official figure,
QCL,Crops and livestock products,356,India,5412,Yield,1316.0,"Mangoes, guavas and mangosteens",2000,2000,kg/ha,7064.0,A,Official figure,
QCL,Crops and livestock products,356,India,5412,Yield,1316.0,"Mangoes, guavas and mangosteens",2001,2001,kg/ha,6620.7,A,Official figure,
QCL,Crops and livestock products,356,India,5412,Yield,1316.0,"Mangoes, guavas and mangosteens",2002,2002,kg/ha,6358.8,A,Official figure,
QCL,Crops and livestock products,356,India,5412,Yield,1316.0,"Mangoes, guavas and mangosteens",2003,2003,kg/ha,7843.5,A,Official figure,
QCL,Crops and livestock products,356,India,5412,Yield,1316.0,"Mangoes, guavas and mangosteens",2004,2004,kg/ha,6026.1,A,Official figure,
QCL,Crops and livestock products,356,India,5412,Yield,1316.0,"Mangoes, guavas and mangosteens",2005,2005,kg/ha,6003.7,A,Official figure,
QCL,Crops and livestock products,356,India,5412,Yield,1316.0,"Mangoes, guavas and mangosteens",2006,2006,kg/ha,6086.0,A,Official figure,
QCL,Crops and livestock products,356,India,5412,Yield,1316.0,"Mangoes, guavas and mangosteens",2007,2007,kg/ha,6376.0,A,Official figure,
QCL,Crops and livestock products,356,India,5412,Yield,1316.0,"Mangoes, guavas and mangosteens",2008,2008,kg/ha,6359.4,A,Official figure,
QCL,Crops and livestock products,356,India,5412,Yield,1316.0,"Mangoes, guavas and mangosteens",2009,2009,kg/ha,5521.9,A,Official figure,
QCL,Crops and livestock products,356,India,5412,Yield,1316.0,"Mangoes, guavas and mangosteens",2010,2010,kg/ha,6498.6,A,Official figure,
QCL,Crops and livestock products,356,India,5412,Yield,1316.0,"Mangoes, guavas and mangosteens",2011,2011,kg/ha,6612.1,A,Official figure,
QCL,Crops and livestock products,356,India,5412,Yield,1316.0,"Mangoes, guavas and mangosteens",2012,2012,kg/ha,6810.8,A,Official figure,
QCL,Crops and livestock products,356,India,5412,Yield,1316.0,"Mangoes, guavas and mangosteens",2013,2013,kg/ha,7200.8,A,Official figure,
QCL,Crops and livestock products,356,India,5412,Yield,1316.0,"Mangoes, guavas and mangosteens",2014,2014,kg/ha,7325.7,A,Official figure,
QCL,Crops and livestock products,356,India,5412,Yield,1316.0,"Mangoes, guavas and mangosteens",2015,2015,kg/ha,8565.4,A,Official figure,
QCL,Crops and livestock products,356,India,5412,Yield,1316.0,"Mangoes, guavas and mangosteens",2016,2016,kg/ha,8439.6,A,Official figure,
QCL,Crops and livestock products,356,India,5412,Yield,1316.0,"Mangoes, guavas and mangosteens",2017,2017,kg/ha,9438.5,A,Official figure,
QCL,Crops and livestock products,356,India,5412,Yield,1316.0,"Mangoes, guavas and mangosteens",2018,2018,kg/ha,9879.7,A,Official figure,
QCL,Crops and livestock products,356,India,5412,Yield,1316.0,"Mangoes, guavas and mangosteens",2019,2019,kg/ha,9965.4,A,Official figure,
QCL,Crops and livestock products,356,India,5412,Yield,1316.0,"Mangoes, guavas and mangosteens",2020,2020,kg/ha,9542.9,A,Official figure,
QCL,Crops and livestock products,356,India,5412,Yield,1316.0,"Mangoes, guavas and mangosteens",2021,2021,kg/ha,9511.6,A,Official figure,
QCL,Crops and livestock products,356,India,5412,Yield,1316.0,"Mangoes, guavas and mangosteens",2022,2022,kg/ha,9726.0,A,Official figure,
QCL,Crops and livestock products,356,India,5412,Yield,1316.0,"Mangoes, guavas and mangosteens",2023,2023,kg/ha,9724.2,A,Official figure,
QCL,Crops and livestock products,356,India,5412,Yield,118.0,Millet,2000,2000,kg/ha,774.5,A,Official figure,
QCL,Crops and livestock products,356,India,5412,Yield,118.0,Millet,2001,2001,kg/ha,899.8,A,Official figure,
QCL,Crops and livestock products,356,India,5412,Yield,118.0,Millet,2002,2002,kg/ha,627.1,A,Official figure,
QCL,Crops and livestock products,356,India,5412,Yield,118.0,Millet,2003,2003,kg/ha,1086.8,A,Official figure,
QCL,Crops and livestock products,356,India,5412,Yield,118.0,Millet,2004,2004,kg/ha,912.1,A,Official figure,
QCL,Crops and livestock products,356,India,5412,Yield,118.0,Millet,2005,2005,kg/ha,862.9,A,Official figure,
QCL,Crops and livestock products,356,India,5412,Yield,118.0,Millet,2006,2006,kg/ha,880.4,A,Official figure,
QCL,Crops and livestock products,356,India,5412,Yield,118.0,Millet,2007,2007,kg/ha,1083.6,A,Official figure,
QCL,Crops and livestock products,356,India,5412,Yield,118.0,Millet,2008,2008,kg/ha,1030.1,A,Official figure,
QCL,Crops and livestock products,356,India,5412,Yield,118.0,Millet,2009,2009,kg/ha,797.7,A,Official figure,
QCL,Crops and livestock products,356,India,5412,Yield,118.0,Millet,2010,2010,kg/ha,1127.3,A,Official figure,
QCL,Crops and livestock products,356,India,5412,Yield,118.0,Millet,2011,2011,kg/ha,1185.4,A,Official figure,
QCL,Crops and livestock products,356,India,5412,Yield,118.0,Millet,2012,2012,kg/ha,999.8,A,Official figure,
QCL,Crops and livestock products,356,India,5412,Yield,118.0,Millet,2013,2013,kg/ha,1188.6,A,Official figure,
QCL,Crops and livestock products,356,India,5412,Yield,118.0,Millet,2014,2014,kg/ha,1178.9,A,Official figure,
QCL,Crops and livestock products,356,India,5412,Yield,118.0,Millet,2015,2015,kg/ha,1275.8,A,Official figure,
QCL,Crops and livestock products,356,India,5412,Yield,118.0,Millet,2016,2016,kg/ha,1162.9,A,Official figure,
QCL,Crops and livestock products,356,India,5412,Yield,118.0,Millet,2017,2017,kg/ha,1270.9,A,Official figure,
QCL,Crops and livestock products,356,India,5412,Yield,118.0,Millet,2018,2018,kg/ha,1261.6,A,Official figure,
QCL,Crops and livestock products,356,India,5412,Yield,118.0,Millet,2019,2019,kg/ha,1211.4,A,Official figure,
QCL,Crops and livestock products,356,India,5412,Yield,118.0,Millet,2020,2020,kg/ha,1386.8,A,Official figure,
QCL,Crops and livestock products,356,India,5412,Yield,118.0,Millet,2021,2021,kg/ha,1427.1,A,Official figure,
QCL,Crops and livestock products,356,India,5412,Yield,118.0,Millet,2022,2022,kg/ha,1396.0,A,Official figure,
QCL,Crops and livestock products,356,India,5412,Yield,118.0,Millet,2023,2023,kg/ha,1474.0,A,Official figure,
QCL,Crops and livestock products,356,India,5412,Yield,1950.01,Natural rubber in primary forms,2000,2000,kg/ha,1575.0,A,Official figure,
QCL,Crops and livestock products,356,India,5412,Yield,1950.01,Natural rubber in primary forms,2001,2001,kg/ha,1573.6,A,Official figure,
QCL,Crops and livestock products,356,India,5412,Yield,1950.01,Natural rubber in primary forms,2002,2002,kg/ha,1591.8,A,Official figure,
QCL,Crops and livestock products,356,India,5412,Yield,1950.01,Natural rubber in primary forms,2003,2003,kg/ha,1662.7,A,Official figure,
QCL,Crops and livestock products,356,India,5412,Yield,1950.01,Natural rubber in primary forms,2004,2004,kg/ha,1703.8,A,Official figure,
QCL,Crops and livestock products,356,India,5412,Yield,1950.01,Natural rubber in primary forms,2005,2005,kg/ha,1795.6,A,Official figure,
QCL,Crops and livestock products,356,India,5412,Yield,1950.01,Natural rubber in primary forms,2006,2006,kg/ha,1878.6,A,Official figure,
QCL,Crops and livestock products,356,India,5412,Yield,1950.01,Natural rubber in primary forms,2007,2007,kg/ha,1798.1,A,Official figure,
QCL,Crops and livestock products,356,India,5412,Yield,1950.01,Natural rubber in primary forms,2008,2008,kg/ha,1867.2,A,Official figure,
QCL,Crops and livestock products,356,India,5412,Yield,1950.01,Natural rubber in primary forms,2009,2009,kg/ha,1776.5,A,Official figure,
QCL,Crops and livestock products,356,India,5412,Yield,1950.01,Natural rubber in primary forms,2010,2010,kg/ha,1807.1,A,Official figure,
QCL,Crops and livestock products,356,India,5412,Yield,1950.01,Natural rubber in primary forms,2011,2011,kg/ha,1818.2,E,Estimated value,
QCL,Crops and livestock products,356,India,5412,Yield,1950.01,Natural rubber in primary forms,2012,2012,kg/ha,2036.2,E,Estimated value,
QCL,Crops and livestock products,356,India,5412,Yield,1950.01,Natural rubber in primary forms,2013,2013,kg/ha,2000.0,E,Estimated value,
QCL,Crops and livestock products,356,India,5412,Yield,1950.01,Natural rubber in primary forms,2014,2014,kg/ha,2065.9,E,Estimated value,
QCL,Crops and livestock products,356,India,5412,Yield,1950.01,Natural rubber in primary forms,2015,2015,kg/ha,2071.3,E,Estimated value,
QCL,Crops and livestock products,356,India,5412,Yield,1950.01,Natural rubber in primary forms,2016,2016,kg/ha,2078.2,E,Estimated value,
QCL,Crops and livestock products,356,India,5412,Yield,1950.01,Natural rubber in primary forms,2017,2017,kg/ha,2091.9,E,Estimated value,
QCL,Crops and livestock products,356,India,5412,Yield,1950.01,Natural rubber in primary forms,2018,2018,kg/ha,2112.7,E,Estimated value,
QCL,Crops and livestock products,356,India,5412,Yield,1950.01,Natural rubber in primary forms,2019,2019,kg/ha,2140.7,E,Estimated value,
QCL,Crops and livestock products,356,India,5412,Yield,1950.01,Natural rubber in primary forms,2020,2020,kg/ha,2199.6,E,Estimated value,
QCL,Crops and livestock products,356,India,5412,Yield,1950.01,Natural rubber in primary forms,2021,2021,kg/ha,2211.7,E,Estimated value,
QCL,Crops and livestock products,356,India,5412,Yield,1950.01,Natural rubber in primary forms,2022,2022,kg/ha,2238.4,E,Estimated value,
QCL,Crops and livestock products,356,India,5412,Yield,1950.01,Natural rubber in primary forms,2023,2023,kg/ha,2265.1,E,Estimated value,
QCL,Crops and livestock products,356,India,5412,Yield,1653.0,"Nutmeg, mace, cardamoms, raw",2000,2000,kg/ha,156.9,A,Official figure,
QCL,Crops and livestock products,356,India,5412,Yield,1653.0,"Nutmeg, mace, cardamoms, raw",2001,2001,kg/ha,165.9,A,Official figure,
QCL,Crops and livestock products,356,India,5412,Yield,1653.0,"Nutmeg, mace, cardamoms, raw",2002,2002,kg/ha,174.0,A,Official figure,
QCL,Crops and livestock products,356,India,5412,Yield,1653.0,"Nutmeg, mace, cardamoms, raw",2003,2003,kg/ha,174.7,A,Official figure,
QCL,Crops and livestock products,356,India,5412,Yield,1653.0,"Nutmeg, mace, cardamoms, raw",2004,2004,kg/ha,177.5,A,Official figure,
QCL,Crops and livestock products,356,India,5412,Yield,1653.0,"Nutmeg, mace, cardamoms, raw",2005,2005,kg/ha,185.8,A,Official figure,
QCL,Crops and livestock products,356,India,5412,Yield,1653.0,"Nutmeg, mace, cardamoms, raw",2006,2006,kg/ha,163.5,A,Official figure,
QCL,Crops and livestock products,356,India,5412,Yield,1653.0,"Nutmeg, mace, cardamoms, raw",2007,2007,kg/ha,166.6,A,Official figure,
QCL,Crops and livestock products,356,India,5412,Yield,1653.0,"Nutmeg, mace, cardamoms, raw",2008,2008,kg/ha,168.0,A,Official figure,
QCL,Crops and livestock products,356,India,5412,Yield,1653.0,"Nutmeg, mace, cardamoms, raw",2009,2009,kg/ha,174.3,A,Official figure,
QCL,Crops and livestock products,356,India,5412,Yield,1653.0,"Nutmeg, mace, cardamoms, raw",2010,2010,kg/ha,181.1,A,Official figure,
QCL,Crops and livestock products,356,India,5412,Yield,1653.0,"Nutmeg, mace, cardamoms, raw",2011,2011,kg/ha,177.7,A,Official figure,
QCL,Crops and livestock products,356,India,5412,Yield,1653.0,"Nutmeg, mace, cardamoms, raw",2012,2012,kg/ha,196.4,A,Official figure,
QCL,Crops and livestock products,356,India,5412,Yield,1653.0,"Nutmeg, mace, cardamoms, raw",2013,2013,kg/ha,172.7,A,Official figure,
QCL,Crops and livestock products,356,India,5412,Yield,1653.0,"Nutmeg, mace, cardamoms, raw",2014,2014,kg/ha,225.8,A,Official figure,
QCL,Crops and livestock products,356,India,5412,Yield,1653.0,"Nutmeg, mace, cardamoms, raw",2015,2015,kg/ha,239.1,A,Official figure,
QCL,Crops and livestock products,356,India,5412,Yield,1653.0,"Nutmeg, mace, cardamoms, raw",2016,2016,kg/ha,355.1,A,Official figure,
QCL,Crops and livestock products,356,India,5412,Yield,1653.0,"Nutmeg, mace, cardamoms, raw",2017,2017,kg/ha,398.1,A,Official figure,
QCL,Crops and livestock products,356,India,5412,Yield,1653.0,"Nutmeg, mace, cardamoms, raw",2018,2018,kg/ha,398.1,A,Official figure,
QCL,Crops and livestock products,356,India,5412,Yield,1653.0,"Nutmeg, mace, cardamoms, raw",2019,2019,kg/ha,361.9,A,Official figure,
QCL,Crops and livestock products,356,India,5412,Yield,1653.0,"Nutmeg, mace, cardamoms, raw",2020,2020,kg/ha,339.4,A,Official figure,
QCL,Crops and livestock products,356,India,5412,Yield,1653.0,"Nutmeg, mace, cardamoms, raw",2021,2021,kg/ha,458.7,A,Official figure,
QCL,Crops and livestock products,356,India,5412,Yield,1653.0,"Nutmeg, mace, cardamoms, raw",2022,2022,kg/ha,504.6,A,Official figure,
QCL,Crops and livestock products,356,India,5412,Yield,1653.0,"Nutmeg, mace, cardamoms, raw",2023,2023,kg/ha,486.5,A,Official figure,
QCL,Crops and livestock products,356,India,5412,Yield,1239.01,Okra,2000,2000,kg/ha,9771.4,A,Official figure,
QCL,Crops and livestock products,356,India,5412,Yield,1239.01,Okra,2001,2001,kg/ha,9542.9,A,Official figure,
QCL,Crops and livestock products,356,India,5412,Yield,1239.01,Okra,2002,2002,kg/ha,9485.7,A,Official figure,
QCL,Crops and livestock products,356,India,5412,Yield,1239.01,Okra,2003,2003,kg/ha,9540.5,A,Official figure,
QCL,Crops and livestock products,356,India,5412,Yield,1239.01,Okra,2004,2004,kg/ha,10284.3,A,Official figure,
QCL,Crops and livestock products,356,India,5412,Yield,1239.01,Okra,2005,2005,kg/ha,9830.4,A,Official figure,
QCL,Crops and livestock products,356,India,5412,Yield,1239.01,Okra,2006,2006,kg/ha,10144.5,A,Official figure,
QCL,Crops and livestock products,356,India,5412,Yield,1239.01,Okra,2007,2007,kg/ha,10277.8,A,Official figure,
QCL,Crops and livestock products,356,India,5412,Yield,1239.01,Okra,2008,2008,kg/ha,10267.8,A,Official figure,
QCL,Crops and livestock products,356,India,5412,Yield,1239.01,Okra,2009,2009,kg/ha,10481.5,A,Official figure,
QCL,Crops and livestock products,356,India,5412,Yield,1239.01,Okra,2010,2010,kg/ha,10626.1,A,Official figure,
QCL,Crops and livestock products,356,India,5412,Yield,1239.01,Okra,2011,2011,kg/ha,11614.5,A,Official figure,
QCL,Crops and livestock products,356,India,5412,Yield,1239.01,Okra,2012,2012,kg/ha,12083.0,A,Official figure,
QCL,Crops and livestock products,356,India,5412,Yield,1239.01,Okra,2013,2013,kg/ha,11963.3,A,Official figure,
QCL,Crops and livestock products,356,India,5412,Yield,1239.01,Okra,2014,2014,kg/ha,11914.5,A,Official figure,
QCL,Crops and livestock products,356,India,5412,Yield,1239.01,Okra,2015,2015,kg/ha,11327.4,A,Official figure,
QCL,Crops and livestock products,356,India,5412,Yield,1239.01,Okra,2016,2016,kg/ha,11446.2,A,Official figure,
QCL,Crops and livestock products,356,India,5412,Yield,1239.01,Okra,2017,2017,kg/ha,11840.2,A,Official figure,
QCL,Crops and livestock products,356,India,5412,Yield,1239.01,Okra,2018,2018,kg/ha,11974.5,A,Official figure,
QCL,Crops and livestock products,356,India,5412,Yield,1239.01,Okra,2019,2019,kg/ha,12039.0,A,Official figure,
QCL,Crops and livestock products,356,India,5412,Yield,1239.01,Okra,2020,2020,kg/ha,12197.7,A,Official figure,
QCL,Crops and livestock products,356,India,5412,Yield,1239.01,Okra,2021,2021,kg/ha,12177.0,A,Official figure,
QCL,Crops and livestock products,356,India,5412,Yield,1239.01,Okra,2022,2022,kg/ha,12496.4,A,Official figure,
QCL,Crops and livestock products,356,India,5412,Yield,1239.01,Okra,2023,2023,kg/ha,13038.3,A,Official figure,
QCL,Crops and livestock products,356,India,5412,Yield,1253.02,"Onions and shallots, dry (excluding dehydrated)",2000,2000,kg/ha,10491.3,A,Official figure,
QCL,Crops and livestock products,356,India,5412,Yield,1253.02,"Onions and shallots, dry (excluding dehydrated)",2001,2001,kg/ha,10593.2,A,Official figure,
QCL,Crops and livestock products,356,India,5412,Yield,1253.02,"Onions and shallots, dry (excluding dehydrated)",2002,2002,kg/ha,9911.7,A,Official figure,
QCL,Crops and livestock products,356,India,5412,Yield,1253.02,"Onions and shallots, dry (excluding dehydrated)",2003,2003,kg/ha,11317.4,A,Official figure,
QCL,Crops and livestock products,356,India,5412,Yield,1253.02,"Onions and shallots, dry (excluding dehydrated)",2004,2004,kg/ha,12643.5,A,Official figure,
QCL,Crops and livestock products,356,India,5412,Yield,1253.02,"Onions and shallots, dry (excluding dehydrated)",2005,2005,kg/ha,13406.1,A,Official figure,
QCL,Crops and livestock products,356,India,5412,Yield,1253.02,"Onions and shallots, dry (excluding dehydrated)",2006,2006,kg/ha,14123.7,A,Official figure,
QCL,Crops and livestock products,356,India,5412,Yield,1253.02,"Onions and shallots, dry (excluding dehydrated)",2007,2007,kg/ha,16930.6,A,Official figure,
QCL,Crops and livestock products,356,India,5412,Yield,1253.02,"Onions and shallots, dry (excluding dehydrated)",2008,2008,kg/ha,16265.0,A,Official figure,
QCL,Crops and livestock products,356,India,5412,Yield,1253.02,"Onions and shallots, dry (excluding dehydrated)",2009,2009,kg/ha,16078.8,A,Official figure,
QCL,Crops and livestock products,356,India,5412,Yield,1253.02,"Onions and shallots, dry (excluding dehydrated)",2010,2010,kg/ha,14208.6,A,Official figure,
QCL,Crops and livestock products,356,India,5412,Yield,1253.02,"Onions and shallots, dry (excluding dehydrated)",2011,2011,kg/ha,16106.2,A,Official figure,
QCL,Crops and livestock products,356,India,5412,Yield,1253.02,"Onions and shallots, dry (excluding dehydrated)",2012,2012,kg/ha,15981.9,A,Official figure,
QCL,Crops and livestock products,356,India,5412,Yield,1253.02,"Onions and shallots, dry (excluding dehydrated)",2013,2013,kg/ha,15857.8,A,Official figure,
QCL,Crops and livestock products,356,India,5412,Yield,1253.02,"Onions and shallots, dry (excluding dehydrated)",2014,2014,kg/ha,16120.1,A,Official figure,
QCL,Crops and livestock products,356,India,5412,Yield,1253.02,"Onions and shallots, dry (excluding dehydrated)",2015,2015,kg/ha,16135.5,A,Official figure,
QCL,Crops and livestock products,356,India,5412,Yield,1253.02,"Onions and shallots, dry (excluding dehydrated)",2016,2016,kg/ha,15856.8,A,Official figure,
QCL,Crops and livestock products,356,India,5412,Yield,1253.02,"Onions and shallots, dry (excluding dehydrated)",2017,2017,kg/ha,17172.3,A,Official figure,
QCL,Crops and livestock products,356,India,5412,Yield,1253.02,"Onions and shallots, dry (excluding dehydrated)",2018,2018,kg/ha,18102.7,A,Official figure,
QCL,Crops and livestock products,356,India,5412,Yield,1253.02,"Onions and shallots, dry (excluding dehydrated)",2019,2019,kg/ha,18704.1,A,Official figure,
QCL,Crops and livestock products,356,India,5412,Yield,1253.02,"Onions and shallots, dry (excluding dehydrated)",2020,2020,kg/ha,18232.7,A,Official figure,
QCL,Crops and livestock products,356,India,5412,Yield,1253.02,"Onions and shallots, dry (excluding dehydrated)",2021,2021,kg/ha,16404.6,A,Official figure,
QCL,Crops and livestock products,356,India,5412,Yield,1253.02,"Onions and shallots, dry (excluding dehydrated)",2022,2022,kg/ha,16325.1,A,Official figure,
QCL,Crops and livestock products,356,India,5412,Yield,1253.02,"Onions and shallots, dry (excluding dehydrated)",2023,2023,kg/ha,17360.9,A,Official figure,
QCL,Crops and livestock products,356,India,5412,Yield,1323.0,Oranges,2000,2000,kg/ha,9758.1,A,Official figure,
QCL,Crops and livestock products,356,India,5412,Yield,1323.0,Oranges,2001,2001,kg/ha,10319.4,A,Official figure,
QCL,Crops and livestock products,356,India,5412,Yield,1323.0,Oranges,2002,2002,kg/ha,8824.2,A,Official figure,
QCL,Crops and livestock products,356,India,5412,Yield,1323.0,Oranges,2003,2003,kg/ha,6652.5,A,Official figure,
QCL,Crops and livestock products,356,India,5412,Yield,1323.0,Oranges,2004,2004,kg/ha,8635.1,A,Official figure,
QCL,Crops and livestock products,356,India,5412,Yield,1323.0,Oranges,2005,2005,kg/ha,8767.2,A,Official figure,
QCL,Crops and livestock products,356,India,5412,Yield,1323.0,Oranges,2006,2006,kg/ha,7792.8,A,Official figure,
QCL,Crops and livestock products,356,India,5412,Yield,1323.0,Oranges,2007,2007,kg/ha,9132.9,A,Official figure,
QCL,Crops and livestock products,356,India,5412,Yield,1323.0,Oranges,2008,2008,kg/ha,9377.4,A,Official figure,
QCL,Crops and livestock products,356,India,5412,Yield,1323.0,Oranges,2009,2009,kg/ha,9233.2,A,Official figure,
QCL,Crops and livestock products,356,India,5412,Yield,1323.0,Oranges,2010,2010,kg/ha,9451.0,A,Official figure,
QCL,Crops and livestock products,356,India,5412,Yield,1323.0,Oranges,2011,2011,kg/ha,8382.2,A,Official figure,
QCL,Crops and livestock products,356,India,5412,Yield,1323.0,Oranges,2012,2012,kg/ha,7604.9,A,Official figure,
QCL,Crops and livestock products,356,India,5412,Yield,1323.0,Oranges,2013,2013,kg/ha,10897.8,A,Official figure,
QCL,Crops and livestock products,356,India,5412,Yield,1323.0,Oranges,2014,2014,kg/ha,11600.0,A,Official figure,
QCL,Crops and livestock products,356,India,5412,Yield,1323.0,Oranges,2015,2015,kg/ha,15378.2,A,Official figure,
QCL,Crops and livestock products,356,India,5412,Yield,1323.0,Oranges,2016,2016,kg/ha,14213.1,A,Official figure,
QCL,Crops and livestock products,356,India,5412,Yield,1323.0,Oranges,2017,2017,kg/ha,16801.0,A,Official figure,
QCL,Crops and livestock products,356,India,5412,Yield,1323.0,Oranges,2018,2018,kg/ha,17654.1,A,Official figure,
QCL,Crops and livestock products,356,India,5412,Yield,1323.0,Oranges,2019,2019,kg/ha,16801.0,A,Official figure,
QCL,Crops and livestock products,356,India,5412,Yield,1323.0,Oranges,2020,2020,kg/ha,17654.1,A,Official figure,
QCL,Crops and livestock products,356,India,5412,Yield,1323.0,Oranges,2021,2021,kg/ha,17465.2,A,Official figure,
QCL,Crops and livestock products,356,India,5412,Yield,1323.0,Oranges,2022,2022,kg/ha,17083.3,A,Official figure,
QCL,Crops and livestock products,356,India,5412,Yield,1323.0,Oranges,2023,2023,kg/ha,17000.0,A,Official figure,
QCL,Crops and livestock products,356,India,5412,Yield,1241.9,"Other beans, green",2000,2000,kg/ha,2748.0,E,Estimated value,
QCL,Crops and livestock products,356,India,5412,Yield,1241.9,"Other beans, green",2001,2001,kg/ha,2757.5,E,Estimated value,
QCL,Crops and livestock products,356,India,5412,Yield,1241.9,"Other beans, green",2002,2002,kg/ha,2766.7,E,Estimated value,
QCL,Crops and livestock products,356,India,5412,Yield,1241.9,"Other beans, green",2003,2003,kg/ha,2775.9,E,Estimated value,
QCL,Crops and livestock products,356,India,5412,Yield,1241.9,"Other beans, green",2004,2004,kg/ha,2776.5,E,Estimated value,
QCL,Crops and livestock products,356,India,5412,Yield,1241.9,"Other beans, green",2005,2005,kg/ha,2780.0,E,Estimated value,
QCL,Crops and livestock products,356,India,5412,Yield,1241.9,"Other beans, green",2006,2006,kg/ha,2783.4,E,Estimated value,
QCL,Crops and livestock products,356,India,5412,Yield,1241.9,"Other beans, green",2007,2007,kg/ha,2786.6,E,Estimated value,
QCL,Crops and livestock products,356,India,5412,Yield,1241.9,"Other beans, green",2008,2008,kg/ha,2789.7,E,Estimated value,
QCL,Crops and livestock products,356,India,5412,Yield,1241.9,"Other beans, green",2009,2009,kg/ha,2792.7,E,Estimated value,
QCL,Crops and livestock products,356,India,5412,Yield,1241.9,"Other beans, green",2010,2010,kg/ha,2795.6,E,Estimated value,
QCL,Crops and livestock products,356,India,5412,Yield,1241.9,"Other beans, green",2011,2011,kg/ha,2798.3,E,Estimated value,
QCL,Crops and livestock products,356,India,5412,Yield,1241.9,"Other beans, green",2012,2012,kg/ha,2818.2,E,Estimated value,
QCL,Crops and livestock products,356,India,5412,Yield,1241.9,"Other beans, green",2013,2013,kg/ha,2818.2,E,Estimated value,
QCL,Crops and livestock products,356,India,5412,Yield,1241.9,"Other beans, green",2014,2014,kg/ha,2818.8,E,Estimated value,
QCL,Crops and livestock products,356,India,5412,Yield,1241.9,"Other beans, green",2015,2015,kg/ha,2826.1,E,Estimated value,
QCL,Crops and livestock products,356,India,5412,Yield,1241.9,"Other beans, green",2016,2016,kg/ha,2821.1,E,Estimated value,
QCL,Crops and livestock products,356,India,5412,Yield,1241.9,"Other beans, green",2017,2017,kg/ha,2826.6,E,Estimated value,
QCL,Crops and livestock products,356,India,5412,Yield,1241.9,"Other beans, green",2018,2018,kg/ha,2831.9,E,Estimated value,
QCL,Crops and livestock products,356,India,5412,Yield,1241.9,"Other beans, green",2019,2019,kg/ha,2835.5,E,Estimated value,
QCL,Crops and livestock products,356,India,5412,Yield,1241.9,"Other beans, green",2020,2020,kg/ha,2841.2,E,Estimated value,
QCL,Crops and livestock products,356,India,5412,Yield,1241.9,"Other beans, green",2021,2021,kg/ha,2836.3,E,Estimated value,
QCL,Crops and livestock products,356,India,5412,Yield,1241.9,"Other beans, green",2022,2022,kg/ha,2837.7,E,Estimated value,
QCL,Crops and livestock products,356,India,5412,Yield,1241.9,"Other beans, green",2023,2023,kg/ha,2838.4,E,Estimated value,
QCL,Crops and livestock products,356,India,5412,Yield,1355.9,Other berries and fruits of the genus vaccinium n.e.c.,2000,2000,kg/ha,5525.3,E,Estimated value,
QCL,Crops and livestock products,356,India,5412,Yield,1355.9,Other berries and fruits of the genus vaccinium n.e.c.,2001,2001,kg/ha,5559.6,E,Estimated value,
QCL,Crops and livestock products,356,India,5412,Yield,1355.9,Other berries and fruits of the genus vaccinium n.e.c.,2002,2002,kg/ha,5748.6,E,Estimated value,
QCL,Crops and livestock products,356,India,5412,Yield,1355.9,Other berries and fruits of the genus vaccinium n.e.c.,2003,2003,kg/ha,5929.5,E,Estimated value,
QCL,Crops and livestock products,356,India,5412,Yield,1355.9,Other berries and fruits of the genus vaccinium n.e.c.,2004,2004,kg/ha,6009.3,E,Estimated value,
QCL,Crops and livestock products,356,India,5412,Yield,1355.9,Other berries and fruits of the genus vaccinium n.e.c.,2005,2005,kg/ha,6138.4,E,Estimated value,
QCL,Crops and livestock products,356,India,5412,Yield,1355.9,Other berries and fruits of the genus vaccinium n.e.c.,2006,2006,kg/ha,6257.9,E,Estimated value,
QCL,Crops and livestock products,356,India,5412,Yield,1355.9,Other berries and fruits of the genus vaccinium n.e.c.,2007,2007,kg/ha,6943.1,E,Estimated value,
QCL,Crops and livestock products,356,India,5412,Yield,1355.9,Other berries and fruits of the genus vaccinium n.e.c.,2008,2008,kg/ha,6478.2,E,Estimated value,
QCL,Crops and livestock products,356,India,5412,Yield,1355.9,Other berries and fruits of the genus vaccinium n.e.c.,2009,2009,kg/ha,6573.4,E,Estimated value,
QCL,Crops and livestock products,356,India,5412,Yield,1355.9,Other berries and fruits of the genus vaccinium n.e.c.,2010,2010,kg/ha,6686.6,E,Estimated value,
QCL,Crops and livestock products,356,India,5412,Yield,1355.9,Other berries and fruits of the genus vaccinium n.e.c.,2011,2011,kg/ha,6800.0,E,Estimated value,
QCL,Crops and livestock products,356,India,5412,Yield,1355.9,Other berries and fruits of the genus vaccinium n.e.c.,2012,2012,kg/ha,6816.2,E,Estimated value,
QCL,Crops and livestock products,356,India,5412,Yield,1355.9,Other berries and fruits of the genus vaccinium n.e.c.,2013,2013,kg/ha,7008.7,E,Estimated value,
QCL,Crops and livestock products,356,India,5412,Yield,1355.9,Other berries and fruits of the genus vaccinium n.e.c.,2014,2014,kg/ha,7098.1,E,Estimated value,
QCL,Crops and livestock products,356,India,5412,Yield,1355.9,Other berries and fruits of the genus vaccinium n.e.c.,2015,2015,kg/ha,7192.4,E,Estimated value,
QCL,Crops and livestock products,356,India,5412,Yield,1355.9,Other berries and fruits of the genus vaccinium n.e.c.,2016,2016,kg/ha,6863.6,E,Estimated value,
QCL,Crops and livestock products,356,India,5412,Yield,1355.9,Other berries and fruits of the genus vaccinium n.e.c.,2017,2017,kg/ha,7057.0,E,Estimated value,
QCL,Crops and livestock products,356,India,5412,Yield,1355.9,Other berries and fruits of the genus vaccinium n.e.c.,2018,2018,kg/ha,7175.4,E,Estimated value,
QCL,Crops and livestock products,356,India,5412,Yield,1355.9,Other berries and fruits of the genus vaccinium n.e.c.,2019,2019,kg/ha,6844.4,E,Estimated value,
QCL,Crops and livestock products,356,India,5412,Yield,1355.9,Other berries and fruits of the genus vaccinium n.e.c.,2020,2020,kg/ha,6857.1,E,Estimated value,
QCL,Crops and livestock products,356,India,5412,Yield,1355.9,Other berries and fruits of the genus vaccinium n.e.c.,2021,2021,kg/ha,6957.5,E,Estimated value,
QCL,Crops and livestock products,356,India,5412,Yield,1355.9,Other berries and fruits of the genus vaccinium n.e.c.,2022,2022,kg/ha,6886.2,E,Estimated value,
QCL,Crops and livestock products,356,India,5412,Yield,1355.9,Other berries and fruits of the genus vaccinium n.e.c.,2023,2023,kg/ha,6900.1,E,Estimated value,
QCL,Crops and livestock products,356,India,5412,Yield,1329.0,"Other citrus fruit, n.e.c.",2000,2000,kg/ha,15000.0,E,Estimated value,
QCL,Crops and livestock products,356,India,5412,Yield,1329.0,"Other citrus fruit, n.e.c.",2001,2001,kg/ha,13538.9,E,Estimated value,
QCL,Crops and livestock products,356,India,5412,Yield,1329.0,"Other citrus fruit, n.e.c.",2002,2002,kg/ha,13219.4,E,Estimated value,
QCL,Crops and livestock products,356,India,5412,Yield,1329.0,"Other citrus fruit, n.e.c.",2003,2003,kg/ha,12500.0,E,Estimated value,
QCL,Crops and livestock products,356,India,5412,Yield,1329.0,"Other citrus fruit, n.e.c.",2004,2004,kg/ha,12500.0,X,Figure from external organization,
QCL,Crops and livestock products,356,India,5412,Yield,1329.0,"Other citrus fruit, n.e.c.",2005,2005,kg/ha,12500.0,E,Estimated value,
QCL,Crops and livestock products,356,India,5412,Yield,1329.0,"Other citrus fruit, n.e.c.",2006,2006,kg/ha,12406.5,E,Estimated value,
QCL,Crops and livestock products,356,India,5412,Yield,1329.0,"Other citrus fruit, n.e.c.",2007,2007,kg/ha,12577.4,E,Estimated value,
QCL,Crops and livestock products,356,India,5412,Yield,1329.0,"Other citrus fruit, n.e.c.",2008,2008,kg/ha,12513.8,E,Estimated value,
QCL,Crops and livestock products,356,India,5412,Yield,1329.0,"Other citrus fruit, n.e.c.",2009,2009,kg/ha,12508.9,E,Estimated value,
QCL,Crops and livestock products,356,India,5412,Yield,1329.0,"Other citrus fruit, n.e.c.",2010,2010,kg/ha,12409.5,E,Estimated value,
QCL,Crops and livestock products,356,India,5412,Yield,1329.0,"Other citrus fruit, n.e.c.",2011,2011,kg/ha,12531.9,E,Estimated value,
QCL,Crops and livestock products,356,India,5412,Yield,1329.0,"Other citrus fruit, n.e.c.",2012,2012,kg/ha,12558.4,E,Estimated value,
QCL,Crops and livestock products,356,India,5412,Yield,1329.0,"Other citrus fruit, n.e.c.",2013,2013,kg/ha,12573.5,E,Estimated value,
QCL,Crops and livestock products,356,India,5412,Yield,1329.0,"Other citrus fruit, n.e.c.",2014,2014,kg/ha,13078.9,E,Estimated value,
QCL,Crops and livestock products,356,India,5412,Yield,1329.0,"Other citrus fruit, n.e.c.",2015,2015,kg/ha,13025.0,E,Estimated value,
QCL,Crops and livestock products,356,India,5412,Yield,1329.0,"Other citrus fruit, n.e.c.",2016,2016,kg/ha,11839.5,E,Estimated value,
QCL,Crops and livestock products,356,India,5412,Yield,1329.0,"Other citrus fruit, n.e.c.",2017,2017,kg/ha,10352.9,A,Official figure,
QCL,Crops and livestock products,356,India,5412,Yield,1329.0,"Other citrus fruit, n.e.c.",2018,2018,kg/ha,10000.0,A,Official figure,
QCL,Crops and livestock products,356,India,5412,Yield,1329.0,"Other citrus fruit, n.e.c.",2019,2019,kg/ha,9125.0,A,Official figure,
QCL,Crops and livestock products,356,India,5412,Yield,1329.0,"Other citrus fruit, n.e.c.",2020,2020,kg/ha,6089.6,A,Official figure,
QCL,Crops and livestock products,356,India,5412,Yield,1329.0,"Other citrus fruit, n.e.c.",2021,2021,kg/ha,6350.6,A,Official figure,
QCL,Crops and livestock products,356,India,5412,Yield,1329.0,"Other citrus fruit, n.e.c.",2022,2022,kg/ha,7592.2,A,Official figure,
QCL,Crops and livestock products,356,India,5412,Yield,1329.0,"Other citrus fruit, n.e.c.",2023,2023,kg/ha,7350.5,A,Official figure,
QCL,Crops and livestock products,356,India,5412,Yield,1359.9,"Other fruits, n.e.c.",2000,2000,kg/ha,8846.2,A,Official figure,
QCL,Crops and livestock products,356,India,5412,Yield,1359.9,"Other fruits, n.e.c.",2001,2001,kg/ha,9400.0,A,Official figure,
QCL,Crops and livestock products,356,India,5412,Yield,1359.9,"Other fruits, n.e.c.",2002,2002,kg/ha,10365.1,A,Official figure,
QCL,Crops and livestock products,356,India,5412,Yield,1359.9,"Other fruits, n.e.c.",2003,2003,kg/ha,13854.2,A,Official figure,
QCL,Crops and livestock products,356,India,5412,Yield,1359.9,"Other fruits, n.e.c.",2004,2004,kg/ha,6248.2,A,Official figure,
QCL,Crops and livestock products,356,India,5412,Yield,1359.9,"Other fruits, n.e.c.",2005,2005,kg/ha,6216.1,A,Official figure,
QCL,Crops and livestock products,356,India,5412,Yield,1359.9,"Other fruits, n.e.c.",2006,2006,kg/ha,6698.3,A,Official figure,
QCL,Crops and livestock products,356,India,5412,Yield,1359.9,"Other fruits, n.e.c.",2007,2007,kg/ha,6144.9,A,Official figure,
QCL,Crops and livestock products,356,India,5412,Yield,1359.9,"Other fruits, n.e.c.",2008,2008,kg/ha,6583.6,A,Official figure,
QCL,Crops and livestock products,356,India,5412,Yield,1359.9,"Other fruits, n.e.c.",2009,2009,kg/ha,6679.6,A,Official figure,
QCL,Crops and livestock products,356,India,5412,Yield,1359.9,"Other fruits, n.e.c.",2010,2010,kg/ha,6516.7,A,Official figure,
QCL,Crops and livestock products,356,India,5412,Yield,1359.9,"Other fruits, n.e.c.",2011,2011,kg/ha,5994.5,A,Official figure,
QCL,Crops and livestock products,356,India,5412,Yield,1359.9,"Other fruits, n.e.c.",2012,2012,kg/ha,5946.5,A,Official figure,
QCL,Crops and livestock products,356,India,5412,Yield,1359.9,"Other fruits, n.e.c.",2013,2013,kg/ha,6644.1,A,Official figure,
QCL,Crops and livestock products,356,India,5412,Yield,1359.9,"Other fruits, n.e.c.",2014,2014,kg/ha,6652.3,A,Official figure,
QCL,Crops and livestock products,356,India,5412,Yield,1359.9,"Other fruits, n.e.c.",2015,2015,kg/ha,7525.1,E,Estimated value,
QCL,Crops and livestock products,356,India,5412,Yield,1359.9,"Other fruits, n.e.c.",2016,2016,kg/ha,8065.8,E,Estimated value,
QCL,Crops and livestock products,356,India,5412,Yield,1359.9,"Other fruits, n.e.c.",2017,2017,kg/ha,9490.1,A,Official figure,
QCL,Crops and livestock products,356,India,5412,Yield,1359.9,"Other fruits, n.e.c.",2018,2018,kg/ha,9087.4,A,Official figure,
QCL,Crops and livestock products,356,India,5412,Yield,1359.9,"Other fruits, n.e.c.",2019,2019,kg/ha,9106.7,A,Official figure,
QCL,Crops and livestock products,356,India,5412,Yield,1359.9,"Other fruits, n.e.c.",2020,2020,kg/ha,8438.6,E,Estimated value,
QCL,Crops and livestock products,356,India,5412,Yield,1359.9,"Other fruits, n.e.c.",2021,2021,kg/ha,8289.7,E,Estimated value,
QCL,Crops and livestock products,356,India,5412,Yield,1359.9,"Other fruits, n.e.c.",2022,2022,kg/ha,8567.1,E,Estimated value,
QCL,Crops and livestock products,356,India,5412,Yield,1359.9,"Other fruits, n.e.c.",2023,2023,kg/ha,8655.7,E,Estimated value,
QCL,Crops and livestock products,356,India,5412,Yield,1449.9,"Other oil seeds, n.e.c.",2000,2000,kg/ha,299.7,E,Estimated value,
QCL,Crops and livestock products,356,India,5412,Yield,1449.9,"Other oil seeds, n.e.c.",2001,2001,kg/ha,302.3,E,Estimated value,
QCL,Crops and livestock products,356,India,5412,Yield,1449.9,"Other oil seeds, n.e.c.",2002,2002,kg/ha,303.9,E,Estimated value,
QCL,Crops and livestock products,356,India,5412,Yield,1449.9,"Other oil seeds, n.e.c.",2003,2003,kg/ha,300.3,E,Estimated value,
QCL,Crops and livestock products,356,India,5412,Yield,1449.9,"Other oil seeds, n.e.c.",2004,2004,kg/ha,300.3,E,Estimated value,
QCL,Crops and livestock products,356,India,5412,Yield,1449.9,"Other oil seeds, n.e.c.",2005,2005,kg/ha,300.0,E,Estimated value,
QCL,Crops and livestock products,356,India,5412,Yield,1449.9,"Other oil seeds, n.e.c.",2006,2006,kg/ha,300.2,E,Estimated value,
QCL,Crops and livestock products,356,India,5412,Yield,1449.9,"Other oil seeds, n.e.c.",2007,2007,kg/ha,305.6,E,Estimated value,
QCL,Crops and livestock products,356,India,5412,Yield,1449.9,"Other oil seeds, n.e.c.",2008,2008,kg/ha,344.7,A,Official figure,
QCL,Crops and livestock products,356,India,5412,Yield,1449.9,"Other oil seeds, n.e.c.",2009,2009,kg/ha,266.3,A,Official figure,
QCL,Crops and livestock products,356,India,5412,Yield,1449.9,"Other oil seeds, n.e.c.",2010,2010,kg/ha,277.8,A,Official figure,
QCL,Crops and livestock products,356,India,5412,Yield,1449.9,"Other oil seeds, n.e.c.",2011,2011,kg/ha,316.1,E,Estimated value,
QCL,Crops and livestock products,356,India,5412,Yield,1449.9,"Other oil seeds, n.e.c.",2012,2012,kg/ha,323.8,E,Estimated value,
QCL,Crops and livestock products,356,India,5412,Yield,1449.9,"Other oil seeds, n.e.c.",2013,2013,kg/ha,328.0,A,Official figure,
QCL,Crops and livestock products,356,India,5412,Yield,1449.9,"Other oil seeds, n.e.c.",2014,2014,kg/ha,324.8,A,Official figure,
QCL,Crops and livestock products,356,India,5412,Yield,1449.9,"Other oil seeds, n.e.c.",2015,2015,kg/ha,293.7,A,Official figure,
QCL,Crops and livestock products,356,India,5412,Yield,1449.9,"Other oil seeds, n.e.c.",2016,2016,kg/ha,302.3,E,Estimated value,
QCL,Crops and livestock products,356,India,5412,Yield,1449.9,"Other oil seeds, n.e.c.",2017,2017,kg/ha,309.2,E,Estimated value,
QCL,Crops and livestock products,356,India,5412,Yield,1449.9,"Other oil seeds, n.e.c.",2018,2018,kg/ha,310.8,E,Estimated value,
QCL,Crops and livestock products,356,India,5412,Yield,1449.9,"Other oil seeds, n.e.c.",2019,2019,kg/ha,311.4,E,Estimated value,
QCL,Crops and livestock products,356,India,5412,Yield,1449.9,"Other oil seeds, n.e.c.",2020,2020,kg/ha,311.7,E,Estimated value,
QCL,Crops and livestock products,356,India,5412,Yield,1449.9,"Other oil seeds, n.e.c.",2021,2021,kg/ha,312.4,E,Estimated value,
QCL,Crops and livestock products,356,India,5412,Yield,1449.9,"Other oil seeds, n.e.c.",2022,2022,kg/ha,313.1,E,Estimated value,
QCL,Crops and livestock products,356,India,5412,Yield,1449.9,"Other oil seeds, n.e.c.",2023,2023,kg/ha,313.8,E,Estimated value,
QCL,Crops and livestock products,356,India,5412,Yield,1709.9,Other pulses n.e.c.,2000,2000,kg/ha,644.4,E,Estimated value,
QCL,Crops and livestock products,356,India,5412,Yield,1709.9,Other pulses n.e.c.,2001,2001,kg/ha,787.9,X,Figure from external organization,
QCL,Crops and livestock products,356,India,5412,Yield,1709.9,Other pulses n.e.c.,2002,2002,kg/ha,588.2,X,Figure from external organization,
QCL,Crops and livestock products,356,India,5412,Yield,1709.9,Other pulses n.e.c.,2003,2003,kg/ha,462.2,A,Official figure,
QCL,Crops and livestock products,356,India,5412,Yield,1709.9,Other pulses n.e.c.,2004,2004,kg/ha,551.2,A,Official figure,
QCL,Crops and livestock products,356,India,5412,Yield,1709.9,Other pulses n.e.c.,2005,2005,kg/ha,437.9,A,Official figure,
QCL,Crops and livestock products,356,India,5412,Yield,1709.9,Other pulses n.e.c.,2006,2006,kg/ha,490.4,A,Official figure,
QCL,Crops and livestock products,356,India,5412,Yield,1709.9,Other pulses n.e.c.,2007,2007,kg/ha,466.7,E,Estimated value,
QCL,Crops and livestock products,356,India,5412,Yield,1709.9,Other pulses n.e.c.,2008,2008,kg/ha,418.8,E,Estimated value,
QCL,Crops and livestock products,356,India,5412,Yield,1709.9,Other pulses n.e.c.,2009,2009,kg/ha,432.1,E,Estimated value,
QCL,Crops and livestock products,356,India,5412,Yield,1709.9,Other pulses n.e.c.,2010,2010,kg/ha,424.2,E,Estimated value,
QCL,Crops and livestock products,356,India,5412,Yield,1709.9,Other pulses n.e.c.,2011,2011,kg/ha,411.8,E,Estimated value,
QCL,Crops and livestock products,356,India,5412,Yield,1709.9,Other pulses n.e.c.,2012,2012,kg/ha,436.4,E,Estimated value,
QCL,Crops and livestock products,356,India,5412,Yield,1709.9,Other pulses n.e.c.,2013,2013,kg/ha,496.4,E,Estimated value,
QCL,Crops and livestock products,356,India,5412,Yield,1709.9,Other pulses n.e.c.,2014,2014,kg/ha,513.3,E,Estimated value,
QCL,Crops and livestock products,356,India,5412,Yield,1709.9,Other pulses n.e.c.,2015,2015,kg/ha,459.5,E,Estimated value,
QCL,Crops and livestock products,356,India,5412,Yield,1709.9,Other pulses n.e.c.,2016,2016,kg/ha,444.3,E,Estimated value,
QCL,Crops and livestock products,356,India,5412,Yield,1709.9,Other pulses n.e.c.,2017,2017,kg/ha,440.3,E,Estimated value,
QCL,Crops and livestock products,356,India,5412,Yield,1709.9,Other pulses n.e.c.,2018,2018,kg/ha,438.5,E,Estimated value,
QCL,Crops and livestock products,356,India,5412,Yield,1709.9,Other pulses n.e.c.,2019,2019,kg/ha,439.4,E,Estimated value,
QCL,Crops and livestock products,356,India,5412,Yield,1709.9,Other pulses n.e.c.,2020,2020,kg/ha,437.6,E,Estimated value,
QCL,Crops and livestock products,356,India,5412,Yield,1709.9,Other pulses n.e.c.,2021,2021,kg/ha,438.5,E,Estimated value,
QCL,Crops and livestock products,356,India,5412,Yield,1709.9,Other pulses n.e.c.,2022,2022,kg/ha,438.5,E,Estimated value,
QCL,Crops and livestock products,356,India,5412,Yield,1709.9,Other pulses n.e.c.,2023,2023,kg/ha,438.2,E,Estimated value,
QCL,Crops and livestock products,356,India,5412,Yield,1699.0,"Other stimulant, spice and aromatic crops, n.e.c.",2000,2000,kg/ha,1734.1,A,Official figure,
QCL,Crops and livestock products,356,India,5412,Yield,1699.0,"Other stimulant, spice and aromatic crops, n.e.c.",2001,2001,kg/ha,1479.5,A,Official figure,
QCL,Crops and livestock products,356,India,5412,Yield,1699.0,"Other stimulant, spice and aromatic crops, n.e.c.",2002,2002,kg/ha,1858.6,A,Official figure,
QCL,Crops and livestock products,356,India,5412,Yield,1699.0,"Other stimulant, spice and aromatic crops, n.e.c.",2003,2003,kg/ha,1506.8,A,Official figure,
QCL,Crops and livestock products,356,India,5412,Yield,1699.0,"Other stimulant, spice and aromatic crops, n.e.c.",2004,2004,kg/ha,1903.3,A,Official figure,
QCL,Crops and livestock products,356,India,5412,Yield,1699.0,"Other stimulant, spice and aromatic crops, n.e.c.",2005,2005,kg/ha,2098.2,A,Official figure,
QCL,Crops and livestock products,356,India,5412,Yield,1699.0,"Other stimulant, spice and aromatic crops, n.e.c.",2006,2006,kg/ha,2042.9,A,Official figure,
QCL,Crops and livestock products,356,India,5412,Yield,1699.0,"Other stimulant, spice and aromatic crops, n.e.c.",2007,2007,kg/ha,1973.2,A,Official figure,
QCL,Crops and livestock products,356,India,5412,Yield,1699.0,"Other stimulant, spice and aromatic crops, n.e.c.",2008,2008,kg/ha,1839.1,A,Official figure,
QCL,Crops and livestock products,356,India,5412,Yield,1699.0,"Other stimulant, spice and aromatic crops, n.e.c.",2009,2009,kg/ha,1903.3,A,Official figure,
QCL,Crops and livestock products,356,India,5412,Yield,1699.0,"Other stimulant, spice and aromatic crops, n.e.c.",2010,2010,kg/ha,2032.7,A,Official figure,
QCL,Crops and livestock products,356,India,5412,Yield,1699.0,"Other stimulant, spice and aromatic crops, n.e.c.",2011,2011,kg/ha,2189.0,A,Official figure,
QCL,Crops and livestock products,356,India,5412,Yield,1699.0,"Other stimulant, spice and aromatic crops, n.e.c.",2012,2012,kg/ha,2020.3,A,Official figure,
QCL,Crops and livestock products,356,India,5412,Yield,1699.0,"Other stimulant, spice and aromatic crops, n.e.c.",2013,2013,kg/ha,2026.8,A,Official figure,
QCL,Crops and livestock products,356,India,5412,Yield,1699.0,"Other stimulant, spice and aromatic crops, n.e.c.",2014,2014,kg/ha,2211.8,A,Official figure,
QCL,Crops and livestock products,356,India,5412,Yield,1699.0,"Other stimulant, spice and aromatic crops, n.e.c.",2015,2015,kg/ha,1753.1,A,Official figure,
QCL,Crops and livestock products,356,India,5412,Yield,1699.0,"Other stimulant, spice and aromatic crops, n.e.c.",2016,2016,kg/ha,1989.6,A,Official figure,
QCL,Crops and livestock products,356,India,5412,Yield,1699.0,"Other stimulant, spice and aromatic crops, n.e.c.",2017,2017,kg/ha,3026.6,A,Official figure,
QCL,Crops and livestock products,356,India,5412,Yield,1699.0,"Other stimulant, spice and aromatic crops, n.e.c.",2018,2018,kg/ha,1631.6,A,Official figure,
QCL,Crops and livestock products,356,India,5412,Yield,1699.0,"Other stimulant, spice and aromatic crops, n.e.c.",2019,2019,kg/ha,1740.3,A,Official figure,
QCL,Crops and livestock products,356,India,5412,Yield,1699.0,"Other stimulant, spice and aromatic crops, n.e.c.",2020,2020,kg/ha,2013.5,E,Estimated value,
QCL,Crops and livestock products,356,India,5412,Yield,1699.0,"Other stimulant, spice and aromatic crops, n.e.c.",2021,2021,kg/ha,2205.9,E,Estimated value,
QCL,Crops and livestock products,356,India,5412,Yield,1699.0,"Other stimulant, spice and aromatic crops, n.e.c.",2022,2022,kg/ha,2117.0,E,Estimated value,
QCL,Crops and livestock products,356,India,5412,Yield,1699.0,"Other stimulant, spice and aromatic crops, n.e.c.",2023,2023,kg/ha,2114.0,E,Estimated value,
QCL,Crops and livestock products,356,India,5412,Yield,1349.2,Other stone fruits,2000,2000,kg/ha,2531.9,E,Estimated value,
QCL,Crops and livestock products,356,India,5412,Yield,1349.2,Other stone fruits,2001,2001,kg/ha,2606.9,E,Estimated value,
QCL,Crops and livestock products,356,India,5412,Yield,1349.2,Other stone fruits,2002,2002,kg/ha,2707.7,E,Estimated value,
QCL,Crops and livestock products,356,India,5412,Yield,1349.2,Other stone fruits,2003,2003,kg/ha,2807.7,E,Estimated value,
QCL,Crops and livestock products,356,India,5412,Yield,1349.2,Other stone fruits,2004,2004,kg/ha,2872.8,E,Estimated value,
QCL,Crops and livestock products,356,India,5412,Yield,1349.2,Other stone fruits,2005,2005,kg/ha,2954.3,E,Estimated value,
QCL,Crops and livestock products,356,India,5412,Yield,1349.2,Other stone fruits,2006,2006,kg/ha,3036.6,E,Estimated value,
QCL,Crops and livestock products,356,India,5412,Yield,1349.2,Other stone fruits,2007,2007,kg/ha,3119.9,E,Estimated value,
QCL,Crops and livestock products,356,India,5412,Yield,1349.2,Other stone fruits,2008,2008,kg/ha,3197.4,E,Estimated value,
QCL,Crops and livestock products,356,India,5412,Yield,1349.2,Other stone fruits,2009,2009,kg/ha,3278.6,E,Estimated value,
QCL,Crops and livestock products,356,India,5412,Yield,1349.2,Other stone fruits,2010,2010,kg/ha,3392.4,E,Estimated value,
QCL,Crops and livestock products,356,India,5412,Yield,1349.2,Other stone fruits,2011,2011,kg/ha,3446.0,E,Estimated value,
QCL,Crops and livestock products,356,India,5412,Yield,1349.2,Other stone fruits,2012,2012,kg/ha,3536.8,E,Estimated value,
QCL,Crops and livestock products,356,India,5412,Yield,1349.2,Other stone fruits,2013,2013,kg/ha,3634.7,E,Estimated value,
QCL,Crops and livestock products,356,India,5412,Yield,1349.2,Other stone fruits,2014,2014,kg/ha,3717.1,E,Estimated value,
QCL,Crops and livestock products,356,India,5412,Yield,1349.2,Other stone fruits,2015,2015,kg/ha,3799.1,E,Estimated value,
QCL,Crops and livestock products,356,India,5412,Yield,1349.2,Other stone fruits,2016,2016,kg/ha,3885.2,E,Estimated value,
QCL,Crops and livestock products,356,India,5412,Yield,1349.2,Other stone fruits,2017,2017,kg/ha,3972.2,E,Estimated value,
QCL,Crops and livestock products,356,India,5412,Yield,1349.2,Other stone fruits,2018,2018,kg/ha,4058.4,E,Estimated value,
QCL,Crops and livestock products,356,India,5412,Yield,1349.2,Other stone fruits,2019,2019,kg/ha,3941.2,E,Estimated value,
QCL,Crops and livestock products,356,India,5412,Yield,1349.2,Other stone fruits,2020,2020,kg/ha,3958.6,E,Estimated value,
QCL,Crops and livestock products,356,India,5412,Yield,1349.2,Other stone fruits,2021,2021,kg/ha,3952.1,E,Estimated value,
QCL,Crops and livestock products,356,India,5412,Yield,1349.2,Other stone fruits,2022,2022,kg/ha,3919.2,E,Estimated value,
QCL,Crops and livestock products,356,India,5412,Yield,1349.2,Other stone fruits,2023,2023,kg/ha,3913.8,E,Estimated value,
QCL,Crops and livestock products,356,India,5412,Yield,1319.0,"Other tropical fruits, n.e.c.",2000,2000,kg/ha,10692.3,A,Official figure,
QCL,Crops and livestock products,356,India,5412,Yield,1319.0,"Other tropical fruits, n.e.c.",2001,2001,kg/ha,10259.3,A,Official figure,
QCL,Crops and livestock products,356,India,5412,Yield,1319.0,"Other tropical fruits, n.e.c.",2002,2002,kg/ha,10461.5,A,Official figure,
QCL,Crops and livestock products,356,India,5412,Yield,1319.0,"Other tropical fruits, n.e.c.",2003,2003,kg/ha,8617.6,A,Official figure,
QCL,Crops and livestock products,356,India,5412,Yield,1319.0,"Other tropical fruits, n.e.c.",2004,2004,kg/ha,9481.9,A,Official figure,
QCL,Crops and livestock products,356,India,5412,Yield,1319.0,"Other tropical fruits, n.e.c.",2005,2005,kg/ha,8770.5,A,Official figure,
QCL,Crops and livestock products,356,India,5412,Yield,1319.0,"Other tropical fruits, n.e.c.",2006,2006,kg/ha,8778.3,A,Official figure,
QCL,Crops and livestock products,356,India,5412,Yield,1319.0,"Other tropical fruits, n.e.c.",2007,2007,kg/ha,8858.8,A,Official figure,
QCL,Crops and livestock products,356,India,5412,Yield,1319.0,"Other tropical fruits, n.e.c.",2008,2008,kg/ha,9558.3,A,Official figure,
QCL,Crops and livestock products,356,India,5412,Yield,1319.0,"Other tropical fruits, n.e.c.",2009,2009,kg/ha,9261.6,A,Official figure,
QCL,Crops and livestock products,356,India,5412,Yield,1319.0,"Other tropical fruits, n.e.c.",2010,2010,kg/ha,9716.6,A,Official figure,
QCL,Crops and livestock products,356,India,5412,Yield,1319.0,"Other tropical fruits, n.e.c.",2011,2011,kg/ha,9893.9,A,Official figure,
QCL,Crops and livestock products,356,India,5412,Yield,1319.0,"Other tropical fruits, n.e.c.",2012,2012,kg/ha,9663.1,A,Official figure,
QCL,Crops and livestock products,356,India,5412,Yield,1319.0,"Other tropical fruits, n.e.c.",2013,2013,kg/ha,10917.2,A,Official figure,
QCL,Crops and livestock products,356,India,5412,Yield,1319.0,"Other tropical fruits, n.e.c.",2014,2014,kg/ha,11329.9,A,Official figure,
QCL,Crops and livestock products,356,India,5412,Yield,1319.0,"Other tropical fruits, n.e.c.",2015,2015,kg/ha,13411.9,A,Official figure,
QCL,Crops and livestock products,356,India,5412,Yield,1319.0,"Other tropical fruits, n.e.c.",2016,2016,kg/ha,13055.3,A,Official figure,
QCL,Crops and livestock products,356,India,5412,Yield,1319.0,"Other tropical fruits, n.e.c.",2017,2017,kg/ha,12455.8,A,Official figure,
QCL,Crops and livestock products,356,India,5412,Yield,1319.0,"Other tropical fruits, n.e.c.",2018,2018,kg/ha,13030.8,A,Official figure,
QCL,Crops and livestock products,356,India,5412,Yield,1319.0,"Other tropical fruits, n.e.c.",2019,2019,kg/ha,13317.7,E,Estimated value,
QCL,Crops and livestock products,356,India,5412,Yield,1319.0,"Other tropical fruits, n.e.c.",2020,2020,kg/ha,12810.4,E,Estimated value,
QCL,Crops and livestock products,356,India,5412,Yield,1319.0,"Other tropical fruits, n.e.c.",2021,2021,kg/ha,13040.5,E,Estimated value,
QCL,Crops and livestock products,356,India,5412,Yield,1319.0,"Other tropical fruits, n.e.c.",2022,2022,kg/ha,13081.7,E,Estimated value,
QCL,Crops and livestock products,356,India,5412,Yield,1319.0,"Other tropical fruits, n.e.c.",2023,2023,kg/ha,13020.2,E,Estimated value,
QCL,Crops and livestock products,356,India,5412,Yield,1290.9,"Other vegetables, fresh n.e.c.",2000,2000,kg/ha,13830.9,A,Official figure,
QCL,Crops and livestock products,356,India,5412,Yield,1290.9,"Other vegetables, fresh n.e.c.",2001,2001,kg/ha,14192.8,A,Official figure,
QCL,Crops and livestock products,356,India,5412,Yield,1290.9,"Other vegetables, fresh n.e.c.",2002,2002,kg/ha,11766.2,A,Official figure,
QCL,Crops and livestock products,356,India,5412,Yield,1290.9,"Other vegetables, fresh n.e.c.",2003,2003,kg/ha,10308.6,A,Official figure,
QCL,Crops and livestock products,356,India,5412,Yield,1290.9,"Other vegetables, fresh n.e.c.",2004,2004,kg/ha,11039.1,A,Official figure,
QCL,Crops and livestock products,356,India,5412,Yield,1290.9,"Other vegetables, fresh n.e.c.",2005,2005,kg/ha,11005.7,A,Official figure,
QCL,Crops and livestock products,356,India,5412,Yield,1290.9,"Other vegetables, fresh n.e.c.",2006,2006,kg/ha,12227.8,A,Official figure,
QCL,Crops and livestock products,356,India,5412,Yield,1290.9,"Other vegetables, fresh n.e.c.",2007,2007,kg/ha,12772.1,A,Official figure,
QCL,Crops and livestock products,356,India,5412,Yield,1290.9,"Other vegetables, fresh n.e.c.",2008,2008,kg/ha,13008.3,A,Official figure,
QCL,Crops and livestock products,356,India,5412,Yield,1290.9,"Other vegetables, fresh n.e.c.",2009,2009,kg/ha,12308.3,A,Official figure,
QCL,Crops and livestock products,356,India,5412,Yield,1290.9,"Other vegetables, fresh n.e.c.",2010,2010,kg/ha,13603.8,A,Official figure,
QCL,Crops and livestock products,356,India,5412,Yield,1290.9,"Other vegetables, fresh n.e.c.",2011,2011,kg/ha,13229.5,A,Official figure,
QCL,Crops and livestock products,356,India,5412,Yield,1290.9,"Other vegetables, fresh n.e.c.",2012,2012,kg/ha,12950.3,A,Official figure,
QCL,Crops and livestock products,356,India,5412,Yield,1290.9,"Other vegetables, fresh n.e.c.",2013,2013,kg/ha,11798.6,A,Official figure,
QCL,Crops and livestock products,356,India,5412,Yield,1290.9,"Other vegetables, fresh n.e.c.",2014,2014,kg/ha,14044.2,A,Official figure,
QCL,Crops and livestock products,356,India,5412,Yield,1290.9,"Other vegetables, fresh n.e.c.",2015,2015,kg/ha,14005.5,E,Estimated value,
QCL,Crops and livestock products,356,India,5412,Yield,1290.9,"Other vegetables, fresh n.e.c.",2016,2016,kg/ha,13735.5,E,Estimated value,
QCL,Crops and livestock products,356,India,5412,Yield,1290.9,"Other vegetables, fresh n.e.c.",2017,2017,kg/ha,13829.1,E,Estimated value,
QCL,Crops and livestock products,356,India,5412,Yield,1290.9,"Other vegetables, fresh n.e.c.",2018,2018,kg/ha,14119.5,A,Official figure,
QCL,Crops and livestock products,356,India,5412,Yield,1290.9,"Other vegetables, fresh n.e.c.",2019,2019,kg/ha,14212.5,A,Official figure,
QCL,Crops and livestock products,356,India,5412,Yield,1290.9,"Other vegetables, fresh n.e.c.",2020,2020,kg/ha,14160.5,E,Estimated value,
QCL,Crops and livestock products,356,India,5412,Yield,1290.9,"Other vegetables, fresh n.e.c.",2021,2021,kg/ha,14268.0,E,Estimated value,
QCL,Crops and livestock products,356,India,5412,Yield,1290.9,"Other vegetables, fresh n.e.c.",2022,2022,kg/ha,14293.7,E,Estimated value,
QCL,Crops and livestock products,356,India,5412,Yield,1290.9,"Other vegetables, fresh n.e.c.",2023,2023,kg/ha,14386.5,E,Estimated value,
QCL,Crops and livestock products,356,India,5412,Yield,1317.0,Papayas,2000,2000,kg/ha,25517.0,A,Official figure,
QCL,Crops and livestock products,356,India,5412,Yield,1317.0,Papayas,2001,2001,kg/ha,35147.9,A,Official figure,
QCL,Crops and livestock products,356,India,5412,Yield,1317.0,Papayas,2002,2002,kg/ha,31576.5,A,Official figure,
QCL,Crops and livestock products,356,India,5412,Yield,1317.0,Papayas,2003,2003,kg/ha,29073.9,A,Official figure,
QCL,Crops and livestock products,356,India,5412,Yield,1317.0,Papayas,2004,2004,kg/ha,34350.9,A,Official figure,
QCL,Crops and livestock products,356,India,5412,Yield,1317.0,Papayas,2005,2005,kg/ha,31553.1,A,Official figure,
QCL,Crops and livestock products,356,India,5412,Yield,1317.0,Papayas,2006,2006,kg/ha,34235.9,A,Official figure,
QCL,Crops and livestock products,356,India,5412,Yield,1317.0,Papayas,2007,2007,kg/ha,35048.2,A,Official figure,
QCL,Crops and livestock products,356,India,5412,Yield,1317.0,Papayas,2008,2008,kg/ha,37030.6,A,Official figure,
QCL,Crops and livestock products,356,India,5412,Yield,1317.0,Papayas,2009,2009,kg/ha,40893.4,A,Official figure,
QCL,Crops and livestock products,356,India,5412,Yield,1317.0,Papayas,2010,2010,kg/ha,39584.9,A,Official figure,
QCL,Crops and livestock products,356,India,5412,Yield,1317.0,Papayas,2011,2011,kg/ha,37965.1,A,Official figure,
QCL,Crops and livestock products,356,India,5412,Yield,1317.0,Papayas,2012,2012,kg/ha,40772.7,A,Official figure,
QCL,Crops and livestock products,356,India,5412,Yield,1317.0,Papayas,2013,2013,kg/ha,41066.7,A,Official figure,
QCL,Crops and livestock products,356,India,5412,Yield,1317.0,Papayas,2014,2014,kg/ha,42286.3,A,Official figure,
QCL,Crops and livestock products,356,India,5412,Yield,1317.0,Papayas,2015,2015,kg/ha,42721.7,A,Official figure,
QCL,Crops and livestock products,356,India,5412,Yield,1317.0,Papayas,2016,2016,kg/ha,42931.8,A,Official figure,
QCL,Crops and livestock products,356,India,5412,Yield,1317.0,Papayas,2017,2017,kg/ha,44328.4,A,Official figure,
QCL,Crops and livestock products,356,India,5412,Yield,1317.0,Papayas,2018,2018,kg/ha,43398.6,A,Official figure,
QCL,Crops and livestock products,356,India,5412,Yield,1317.0,Papayas,2019,2019,kg/ha,40604.0,A,Official figure,
QCL,Crops and livestock products,356,India,5412,Yield,1317.0,Papayas,2020,2020,kg/ha,40704.2,A,Official figure,
QCL,Crops and livestock products,356,India,5412,Yield,1317.0,Papayas,2021,2021,kg/ha,37945.2,A,Official figure,
QCL,Crops and livestock products,356,India,5412,Yield,1317.0,Papayas,2022,2022,kg/ha,35606.7,A,Official figure,
QCL,Crops and livestock products,356,India,5412,Yield,1317.0,Papayas,2023,2023,kg/ha,35405.4,A,Official figure,
QCL,Crops and livestock products,356,India,5412,Yield,1345.0,Peaches and nectarines,2000,2000,kg/ha,5593.1,E,Estimated value,
QCL,Crops and livestock products,356,India,5412,Yield,1345.0,Peaches and nectarines,2001,2001,kg/ha,5711.3,E,Estimated value,
QCL,Crops and livestock products,356,India,5412,Yield,1345.0,Peaches and nectarines,2002,2002,kg/ha,5849.6,E,Estimated value,
QCL,Crops and livestock products,356,India,5412,Yield,1345.0,Peaches and nectarines,2003,2003,kg/ha,5821.7,E,Estimated value,
QCL,Crops and livestock products,356,India,5412,Yield,1345.0,Peaches and nectarines,2004,2004,kg/ha,5919.4,E,Estimated value,
QCL,Crops and livestock products,356,India,5412,Yield,1345.0,Peaches and nectarines,2005,2005,kg/ha,6060.3,E,Estimated value,
QCL,Crops and livestock products,356,India,5412,Yield,1345.0,Peaches and nectarines,2006,2006,kg/ha,6148.4,E,Estimated value,
QCL,Crops and livestock products,356,India,5412,Yield,1345.0,Peaches and nectarines,2007,2007,kg/ha,6236.1,E,Estimated value,
QCL,Crops and livestock products,356,India,5412,Yield,1345.0,Peaches and nectarines,2008,2008,kg/ha,6324.0,E,Estimated value,
QCL,Crops and livestock products,356,India,5412,Yield,1345.0,Peaches and nectarines,2009,2009,kg/ha,6412.6,E,Estimated value,
QCL,Crops and livestock products,356,India,5412,Yield,1345.0,Peaches and nectarines,2010,2010,kg/ha,6594.6,E,Estimated value,
QCL,Crops and livestock products,356,India,5412,Yield,1345.0,Peaches and nectarines,2011,2011,kg/ha,6584.4,E,Estimated value,
QCL,Crops and livestock products,356,India,5412,Yield,1345.0,Peaches and nectarines,2012,2012,kg/ha,6666.7,E,Estimated value,
QCL,Crops and livestock products,356,India,5412,Yield,1345.0,Peaches and nectarines,2013,2013,kg/ha,6666.7,E,Estimated value,
QCL,Crops and livestock products,356,India,5412,Yield,1345.0,Peaches and nectarines,2014,2014,kg/ha,6878.3,E,Estimated value,
QCL,Crops and livestock products,356,India,5412,Yield,1345.0,Peaches and nectarines,2015,2015,kg/ha,7010.7,E,Estimated value,
QCL,Crops and livestock products,356,India,5412,Yield,1345.0,Peaches and nectarines,2016,2016,kg/ha,7113.3,E,Estimated value,
QCL,Crops and livestock products,356,India,5412,Yield,1342.01,Pears,2000,2000,kg/ha,7417.3,E,Estimated value,
QCL,Crops and livestock products,356,India,5412,Yield,1342.01,Pears,2001,2001,kg/ha,7538.7,E,Estimated value,
QCL,Crops and livestock products,356,India,5412,Yield,1342.01,Pears,2002,2002,kg/ha,7658.8,E,Estimated value,
QCL,Crops and livestock products,356,India,5412,Yield,1342.01,Pears,2003,2003,kg/ha,7777.2,E,Estimated value,
QCL,Crops and livestock products,356,India,5412,Yield,1342.01,Pears,2004,2004,kg/ha,7576.9,E,Estimated value,
QCL,Crops and livestock products,356,India,5412,Yield,1342.01,Pears,2005,2005,kg/ha,7515.8,E,Estimated value,
QCL,Crops and livestock products,356,India,5412,Yield,1342.01,Pears,2006,2006,kg/ha,7516.7,E,Estimated value,
QCL,Crops and livestock products,356,India,5412,Yield,1342.01,Pears,2007,2007,kg/ha,7530.9,E,Estimated value,
QCL,Crops and livestock products,356,India,5412,Yield,1342.01,Pears,2008,2008,kg/ha,7515.3,E,Estimated value,
QCL,Crops and livestock products,356,India,5412,Yield,1342.01,Pears,2009,2009,kg/ha,7515.9,E,Estimated value,
QCL,Crops and livestock products,356,India,5412,Yield,1342.01,Pears,2010,2010,kg/ha,7514.5,E,Estimated value,
QCL,Crops and livestock products,356,India,5412,Yield,1342.01,Pears,2011,2011,kg/ha,7511.5,E,Estimated value,
QCL,Crops and livestock products,356,India,5412,Yield,1342.01,Pears,2012,2012,kg/ha,7508.0,E,Estimated value,
QCL,Crops and livestock products,356,India,5412,Yield,1342.01,Pears,2013,2013,kg/ha,7506.5,E,Estimated value,
QCL,Crops and livestock products,356,India,5412,Yield,1342.01,Pears,2014,2014,kg/ha,7490.5,A,Official figure,
QCL,Crops and livestock products,356,India,5412,Yield,1342.01,Pears,2015,2015,kg/ha,7214.3,A,Official figure,
QCL,Crops and livestock products,356,India,5412,Yield,1342.01,Pears,2016,2016,kg/ha,8075.0,A,Official figure,
QCL,Crops and livestock products,356,India,5412,Yield,1342.01,Pears,2017,2017,kg/ha,7863.6,A,Official figure,
QCL,Crops and livestock products,356,India,5412,Yield,1342.01,Pears,2018,2018,kg/ha,7227.3,A,Official figure,
QCL,Crops and livestock products,356,India,5412,Yield,1342.01,Pears,2019,2019,kg/ha,7142.9,A,Official figure,
QCL,Crops and livestock products,356,India,5412,Yield,1342.01,Pears,2020,2020,kg/ha,6744.2,A,Official figure,
QCL,Crops and livestock products,356,India,5412,Yield,1342.01,Pears,2021,2021,kg/ha,6571.4,A,Official figure,
QCL,Crops and livestock products,356,India,5412,Yield,1342.01,Pears,2022,2022,kg/ha,7022.7,A,Official figure,
QCL,Crops and livestock products,356,India,5412,Yield,1342.01,Pears,2023,2023,kg/ha,7742.9,A,Official figure,
QCL,Crops and livestock products,356,India,5412,Yield,1705.0,"Peas, dry",2000,2000,kg/ha,1029.4,A,Official figure,
QCL,Crops and livestock products,356,India,5412,Yield,1705.0,"Peas, dry",2001,2001,kg/ha,860.2,A,Official figure,
QCL,Crops and livestock products,356,India,5412,Yield,1705.0,"Peas, dry",2002,2002,kg/ha,906.5,A,Official figure,
QCL,Crops and livestock products,356,India,5412,Yield,1705.0,"Peas, dry",2003,2003,kg/ha,891.4,A,Official figure,
QCL,Crops and livestock products,356,India,5412,Yield,1705.0,"Peas, dry",2004,2004,kg/ha,1022.1,A,Official figure,
QCL,Crops and livestock products,356,India,5412,Yield,1705.0,"Peas, dry",2005,2005,kg/ha,992.9,A,Official figure,
QCL,Crops and livestock products,356,India,5412,Yield,1705.0,"Peas, dry",2006,2006,kg/ha,912.7,A,Official figure,
QCL,Crops and livestock products,356,India,5412,Yield,1705.0,"Peas, dry",2007,2007,kg/ha,805.3,A,Official figure,
QCL,Crops and livestock products,356,India,5412,Yield,1705.0,"Peas, dry",2008,2008,kg/ha,748.2,A,Official figure,
QCL,Crops and livestock products,356,India,5412,Yield,1705.0,"Peas, dry",2009,2009,kg/ha,916.3,A,Official figure,
QCL,Crops and livestock products,356,India,5412,Yield,1705.0,"Peas, dry",2010,2010,kg/ha,882.7,A,Official figure,
QCL,Crops and livestock products,356,India,5412,Yield,1705.0,"Peas, dry",2011,2011,kg/ha,815.7,A,Official figure,
QCL,Crops and livestock products,356,India,5412,Yield,1705.0,"Peas, dry",2012,2012,kg/ha,933.9,A,Official figure,
QCL,Crops and livestock products,356,India,5412,Yield,1705.0,"Peas, dry",2013,2013,kg/ha,1099.1,A,Official figure,
QCL,Crops and livestock products,356,India,5412,Yield,1705.0,"Peas, dry",2014,2014,kg/ha,960.5,A,Official figure,
QCL,Crops and livestock products,356,India,5412,Yield,1705.0,"Peas, dry",2015,2015,kg/ha,911.8,A,Official figure,
QCL,Crops and livestock products,356,India,5412,Yield,1705.0,"Peas, dry",2016,2016,kg/ha,821.7,A,Official figure,
QCL,Crops and livestock products,356,India,5412,Yield,1705.0,"Peas, dry",2017,2017,kg/ha,955.0,A,Official figure,
QCL,Crops and livestock products,356,India,5412,Yield,1705.0,"Peas, dry",2018,2018,kg/ha,1203.6,A,Official figure,
QCL,Crops and livestock products,356,India,5412,Yield,1705.0,"Peas, dry",2019,2019,kg/ha,1338.0,A,Official figure,
QCL,Crops and livestock products,356,India,5412,Yield,1705.0,"Peas, dry",2020,2020,kg/ha,1440.1,A,Official figure,
QCL,Crops and livestock products,356,India,5412,Yield,1705.0,"Peas, dry",2021,2021,kg/ha,1374.8,A,Official figure,
QCL,Crops and livestock products,356,India,5412,Yield,1705.0,"Peas, dry",2022,2022,kg/ha,1318.2,A,Official figure,
QCL,Crops and livestock products,356,India,5412,Yield,1705.0,"Peas, dry",2023,2023,kg/ha,1352.1,A,Official figure,
QCL,Crops and livestock products,356,India,5412,Yield,1242.0,"Peas, green",2000,2000,kg/ha,10037.0,A,Official figure,
QCL,Crops and livestock products,356,India,5412,Yield,1242.0,"Peas, green",2001,2001,kg/ha,9406.3,A,Official figure,
QCL,Crops and livestock products,356,India,5412,Yield,1242.0,"Peas, green",2002,2002,kg/ha,6800.0,A,Official figure,
QCL,Crops and livestock products,356,India,5412,Yield,1242.0,"Peas, green",2003,2003,kg/ha,6755.6,A,Official figure,
QCL,Crops and livestock products,356,India,5412,Yield,1242.0,"Peas, green",2004,2004,kg/ha,6666.2,A,Official figure,
QCL,Crops and livestock products,356,India,5412,Yield,1242.0,"Peas, green",2005,2005,kg/ha,7038.7,A,Official figure,
QCL,Crops and livestock products,356,India,5412,Yield,1242.0,"Peas, green",2006,2006,kg/ha,7934.3,A,Official figure,
QCL,Crops and livestock products,356,India,5412,Yield,1242.0,"Peas, green",2007,2007,kg/ha,8087.5,A,Official figure,
QCL,Crops and livestock products,356,India,5412,Yield,1242.0,"Peas, green",2008,2008,kg/ha,7958.5,A,Official figure,
QCL,Crops and livestock products,356,India,5412,Yield,1242.0,"Peas, green",2009,2009,kg/ha,8379.3,A,Official figure,
QCL,Crops and livestock products,356,India,5412,Yield,1242.0,"Peas, green",2010,2010,kg/ha,8302.0,A,Official figure,
QCL,Crops and livestock products,356,India,5412,Yield,1242.0,"Peas, green",2011,2011,kg/ha,9505.4,A,Official figure,
QCL,Crops and livestock products,356,India,5412,Yield,1242.0,"Peas, green",2012,2012,kg/ha,9173.9,A,Official figure,
QCL,Crops and livestock products,356,India,5412,Yield,1242.0,"Peas, green",2013,2013,kg/ha,9518.2,A,Official figure,
QCL,Crops and livestock products,356,India,5412,Yield,1242.0,"Peas, green",2014,2014,kg/ha,8922.9,A,Official figure,
QCL,Crops and livestock products,356,India,5412,Yield,1242.0,"Peas, green",2015,2015,kg/ha,9773.1,A,Official figure,
QCL,Crops and livestock products,356,India,5412,Yield,1242.0,"Peas, green",2016,2016,kg/ha,9660.6,A,Official figure,
QCL,Crops and livestock products,356,India,5412,Yield,1242.0,"Peas, green",2017,2017,kg/ha,10084.9,A,Official figure,
QCL,Crops and livestock products,356,India,5412,Yield,1242.0,"Peas, green",2018,2018,kg/ha,10040.7,A,Official figure,
QCL,Crops and livestock products,356,India,5412,Yield,1242.0,"Peas, green",2019,2019,kg/ha,10076.1,A,Official figure,
QCL,Crops and livestock products,356,India,5412,Yield,1242.0,"Peas, green",2020,2020,kg/ha,10295.8,A,Official figure,
QCL,Crops and livestock products,356,India,5412,Yield,1242.0,"Peas, green",2021,2021,kg/ha,10310.4,A,Official figure,
QCL,Crops and livestock products,356,India,5412,Yield,1242.0,"Peas, green",2022,2022,kg/ha,10478.0,A,Official figure,
QCL,Crops and livestock products,356,India,5412,Yield,1242.0,"Peas, green",2023,2023,kg/ha,10824.3,A,Official figure,
QCL,Crops and livestock products,356,India,5412,Yield,1651.0,"Pepper (Piper spp.), raw",2000,2000,kg/ha,301.0,A,Official figure,
QCL,Crops and livestock products,356,India,5412,Yield,1651.0,"Pepper (Piper spp.), raw",2001,2001,kg/ha,299.1,A,Official figure,
QCL,Crops and livestock products,356,India,5412,Yield,1651.0,"Pepper (Piper spp.), raw",2002,2002,kg/ha,283.1,A,Official figure,
QCL,Crops and livestock products,356,India,5412,Yield,1651.0,"Pepper (Piper spp.), raw",2003,2003,kg/ha,296.3,A,Official figure,
QCL,Crops and livestock products,356,India,5412,Yield,1651.0,"Pepper (Piper spp.), raw",2004,2004,kg/ha,313.6,A,Official figure,
QCL,Crops and livestock products,356,India,5412,Yield,1651.0,"Pepper (Piper spp.), raw",2005,2005,kg/ha,319.8,A,Official figure,
QCL,Crops and livestock products,356,India,5412,Yield,1651.0,"Pepper (Piper spp.), raw",2006,2006,kg/ha,357.0,A,Official figure,
QCL,Crops and livestock products,356,India,5412,Yield,1651.0,"Pepper (Piper spp.), raw",2007,2007,kg/ha,280.5,A,Official figure,
QCL,Crops and livestock products,356,India,5412,Yield,1651.0,"Pepper (Piper spp.), raw",2008,2008,kg/ha,238.2,A,Official figure,
QCL,Crops and livestock products,356,India,5412,Yield,1651.0,"Pepper (Piper spp.), raw",2009,2009,kg/ha,198.6,A,Official figure,
QCL,Crops and livestock products,356,India,5412,Yield,1651.0,"Pepper (Piper spp.), raw",2010,2010,kg/ha,260.4,A,Official figure,
QCL,Crops and livestock products,356,India,5412,Yield,1651.0,"Pepper (Piper spp.), raw",2011,2011,kg/ha,282.6,A,Official figure,
QCL,Crops and livestock products,356,India,5412,Yield,1651.0,"Pepper (Piper spp.), raw",2012,2012,kg/ha,205.0,A,Official figure,
QCL,Crops and livestock products,356,India,5412,Yield,1651.0,"Pepper (Piper spp.), raw",2013,2013,kg/ha,424.0,A,Official figure,
QCL,Crops and livestock products,356,India,5412,Yield,1651.0,"Pepper (Piper spp.), raw",2014,2014,kg/ha,411.3,A,Official figure,
QCL,Crops and livestock products,356,India,5412,Yield,1651.0,"Pepper (Piper spp.), raw",2015,2015,kg/ha,503.9,A,Official figure,
QCL,Crops and livestock products,356,India,5412,Yield,1651.0,"Pepper (Piper spp.), raw",2016,2016,kg/ha,426.4,A,Official figure,
QCL,Crops and livestock products,356,India,5412,Yield,1651.0,"Pepper (Piper spp.), raw",2017,2017,kg/ha,545.5,A,Official figure,
QCL,Crops and livestock products,356,India,5412,Yield,1651.0,"Pepper (Piper spp.), raw",2018,2018,kg/ha,492.5,A,Official figure,
QCL,Crops and livestock products,356,India,5412,Yield,1651.0,"Pepper (Piper spp.), raw",2019,2019,kg/ha,478.3,A,Official figure,
QCL,Crops and livestock products,356,India,5412,Yield,1651.0,"Pepper (Piper spp.), raw",2020,2020,kg/ha,481.8,A,Official figure,
QCL,Crops and livestock products,356,India,5412,Yield,1651.0,"Pepper (Piper spp.), raw",2021,2021,kg/ha,484.6,E,Estimated value,
QCL,Crops and livestock products,356,India,5412,Yield,1651.0,"Pepper (Piper spp.), raw",2022,2022,kg/ha,501.9,E,Estimated value,
QCL,Crops and livestock products,356,India,5412,Yield,1651.0,"Pepper (Piper spp.), raw",2023,2023,kg/ha,519.0,E,Estimated value,
QCL,Crops and livestock products,356,India,5412,Yield,1707.0,"Pigeon peas, dry",2000,2000,kg/ha,786.1,A,Official figure,
QCL,Crops and livestock products,356,India,5412,Yield,1707.0,"Pigeon peas, dry",2001,2001,kg/ha,618.5,A,Official figure,
QCL,Crops and livestock products,356,India,5412,Yield,1707.0,"Pigeon peas, dry",2002,2002,kg/ha,679.1,A,Official figure,
QCL,Crops and livestock products,356,India,5412,Yield,1707.0,"Pigeon peas, dry",2003,2003,kg/ha,650.7,A,Official figure,
QCL,Crops and livestock products,356,India,5412,Yield,1707.0,"Pigeon peas, dry",2004,2004,kg/ha,667.4,A,Official figure,
QCL,Crops and livestock products,356,India,5412,Yield,1707.0,"Pigeon peas, dry",2005,2005,kg/ha,667.0,A,Official figure,
QCL,Crops and livestock products,356,India,5412,Yield,1707.0,"Pigeon peas, dry",2006,2006,kg/ha,764.7,A,Official figure,
QCL,Crops and livestock products,356,India,5412,Yield,1707.0,"Pigeon peas, dry",2007,2007,kg/ha,649.7,A,Official figure,
QCL,Crops and livestock products,356,India,5412,Yield,1707.0,"Pigeon peas, dry",2008,2008,kg/ha,825.0,A,Official figure,
QCL,Crops and livestock products,356,India,5412,Yield,1707.0,"Pigeon peas, dry",2009,2009,kg/ha,671.6,A,Official figure,
QCL,Crops and livestock products,356,India,5412,Yield,1707.0,"Pigeon peas, dry",2010,2010,kg/ha,709.8,A,Official figure,
QCL,Crops and livestock products,356,India,5412,Yield,1707.0,"Pigeon peas, dry",2011,2011,kg/ha,654.9,A,Official figure,
QCL,Crops and livestock products,356,India,5412,Yield,1707.0,"Pigeon peas, dry",2012,2012,kg/ha,651.1,A,Official figure,
QCL,Crops and livestock products,356,India,5412,Yield,1707.0,"Pigeon peas, dry",2013,2013,kg/ha,776.4,A,Official figure,
QCL,Crops and livestock products,356,India,5412,Yield,1707.0,"Pigeon peas, dry",2014,2014,kg/ha,812.0,A,Official figure,
QCL,Crops and livestock products,356,India,5412,Yield,1707.0,"Pigeon peas, dry",2015,2015,kg/ha,729.1,A,Official figure,
QCL,Crops and livestock products,356,India,5412,Yield,1707.0,"Pigeon peas, dry",2016,2016,kg/ha,646.0,A,Official figure,
QCL,Crops and livestock products,356,India,5412,Yield,1707.0,"Pigeon peas, dry",2017,2017,kg/ha,913.0,A,Official figure,
QCL,Crops and livestock products,356,India,5412,Yield,1707.0,"Pigeon peas, dry",2018,2018,kg/ha,966.5,A,Official figure,
QCL,Crops and livestock products,356,India,5412,Yield,1707.0,"Pigeon peas, dry",2019,2019,kg/ha,728.7,A,Official figure,
QCL,Crops and livestock products,356,India,5412,Yield,1707.0,"Pigeon peas, dry",2020,2020,kg/ha,858.6,A,Official figure,
QCL,Crops and livestock products,356,India,5412,Yield,1707.0,"Pigeon peas, dry",2021,2021,kg/ha,913.5,A,Official figure,
QCL,Crops and livestock products,356,India,5412,Yield,1707.0,"Pigeon peas, dry",2022,2022,kg/ha,861.2,A,Official figure,
QCL,Crops and livestock products,356,India,5412,Yield,1707.0,"Pigeon peas, dry",2023,2023,kg/ha,814.0,A,Official figure,
QCL,Crops and livestock products,356,India,5412,Yield,1318.0,Pineapples,2000,2000,kg/ha,14571.4,A,Official figure,
QCL,Crops and livestock products,356,India,5412,Yield,1318.0,Pineapples,2001,2001,kg/ha,15250.0,A,Official figure,
QCL,Crops and livestock products,356,India,5412,Yield,1318.0,Pineapples,2002,2002,kg/ha,14750.0,A,Official figure,
QCL,Crops and livestock products,356,India,5412,Yield,1318.0,Pineapples,2003,2003,kg/ha,14555.6,A,Official figure,
QCL,Crops and livestock products,356,India,5412,Yield,1318.0,Pineapples,2004,2004,kg/ha,15255.9,A,Official figure,
QCL,Crops and livestock products,356,India,5412,Yield,1318.0,Pineapples,2005,2005,kg/ha,15445.7,A,Official figure,
QCL,Crops and livestock products,356,India,5412,Yield,1318.0,Pineapples,2006,2006,kg/ha,15322.8,A,Official figure,
QCL,Crops and livestock products,356,India,5412,Yield,1318.0,Pineapples,2007,2007,kg/ha,15655.2,A,Official figure,
QCL,Crops and livestock products,356,India,5412,Yield,1318.0,Pineapples,2008,2008,kg/ha,15562.5,A,Official figure,
QCL,Crops and livestock products,356,India,5412,Yield,1318.0,Pineapples,2009,2009,kg/ha,15964.3,A,Official figure,
QCL,Crops and livestock products,356,India,5412,Yield,1318.0,Pineapples,2010,2010,kg/ha,15090.3,A,Official figure,
QCL,Crops and livestock products,356,India,5412,Yield,1318.0,Pineapples,2011,2011,kg/ha,15898.9,A,Official figure,
QCL,Crops and livestock products,356,India,5412,Yield,1318.0,Pineapples,2012,2012,kg/ha,14705.9,A,Official figure,
QCL,Crops and livestock products,356,India,5412,Yield,1318.0,Pineapples,2013,2013,kg/ha,14961.9,A,Official figure,
QCL,Crops and livestock products,356,India,5412,Yield,1318.0,Pineapples,2014,2014,kg/ha,15805.8,A,Official figure,
QCL,Crops and livestock products,356,India,5412,Yield,1318.0,Pineapples,2015,2015,kg/ha,17103.4,A,Official figure,
QCL,Crops and livestock products,356,India,5412,Yield,1318.0,Pineapples,2016,2016,kg/ha,17490.9,A,Official figure,
QCL,Crops and livestock products,356,India,5412,Yield,1318.0,Pineapples,2017,2017,kg/ha,16765.8,A,Official figure,
QCL,Crops and livestock products,356,India,5412,Yield,1318.0,Pineapples,2018,2018,kg/ha,16563.1,A,Official figure,
QCL,Crops and livestock products,356,India,5412,Yield,1318.0,Pineapples,2019,2019,kg/ha,16451.9,A,Official figure,
QCL,Crops and livestock products,356,India,5412,Yield,1318.0,Pineapples,2020,2020,kg/ha,16339.6,A,Official figure,
QCL,Crops and livestock products,356,India,5412,Yield,1318.0,Pineapples,2021,2021,kg/ha,16971.7,A,Official figure,
QCL,Crops and livestock products,356,India,5412,Yield,1318.0,Pineapples,2022,2022,kg/ha,17138.9,A,Official figure,
QCL,Crops and livestock products,356,India,5412,Yield,1318.0,Pineapples,2023,2023,kg/ha,16925.9,A,Official figure,
QCL,Crops and livestock products,356,India,5412,Yield,1346.0,Plums and sloes,2000,2000,kg/ha,5487.9,E,Estimated value,
QCL,Crops and livestock products,356,India,5412,Yield,1346.0,Plums and sloes,2001,2001,kg/ha,5872.5,E,Estimated value,
QCL,Crops and livestock products,356,India,5412,Yield,1346.0,Plums and sloes,2002,2002,kg/ha,6260.3,E,Estimated value,
QCL,Crops and livestock products,356,India,5412,Yield,1346.0,Plums and sloes,2003,2003,kg/ha,6666.7,E,Estimated value,
QCL,Crops and livestock products,356,India,5412,Yield,1346.0,Plums and sloes,2004,2004,kg/ha,7000.0,E,Estimated value,
QCL,Crops and livestock products,356,India,5412,Yield,1346.0,Plums and sloes,2005,2005,kg/ha,7317.5,E,Estimated value,
QCL,Crops and livestock products,356,India,5412,Yield,1346.0,Plums and sloes,2006,2006,kg/ha,7619.0,E,Estimated value,
QCL,Crops and livestock products,356,India,5412,Yield,1346.0,Plums and sloes,2007,2007,kg/ha,7743.6,E,Estimated value,
QCL,Crops and livestock products,356,India,5412,Yield,1346.0,Plums and sloes,2008,2008,kg/ha,7846.1,E,Estimated value,
QCL,Crops and livestock products,356,India,5412,Yield,1346.0,Plums and sloes,2009,2009,kg/ha,7923.5,E,Estimated value,
QCL,Crops and livestock products,356,India,5412,Yield,1346.0,Plums and sloes,2010,2010,kg/ha,8000.0,E,Estimated value,
QCL,Crops and livestock products,356,India,5412,Yield,1346.0,Plums and sloes,2011,2011,kg/ha,8076.9,E,Estimated value,
QCL,Crops and livestock products,356,India,5412,Yield,1346.0,Plums and sloes,2012,2012,kg/ha,7963.0,E,Estimated value,
QCL,Crops and livestock products,356,India,5412,Yield,1346.0,Plums and sloes,2013,2013,kg/ha,8000.0,E,Estimated value,
QCL,Crops and livestock products,356,India,5412,Yield,1346.0,Plums and sloes,2014,2014,kg/ha,8152.2,E,Estimated value,
QCL,Crops and livestock products,356,India,5412,Yield,1346.0,Plums and sloes,2015,2015,kg/ha,8257.5,E,Estimated value,
QCL,Crops and livestock products,356,India,5412,Yield,1346.0,Plums and sloes,2016,2016,kg/ha,8326.5,E,Estimated value,
QCL,Crops and livestock products,356,India,5412,Yield,1321.0,Pomelos and grapefruits,2000,2000,kg/ha,20378.3,E,Estimated value,
QCL,Crops and livestock products,356,India,5412,Yield,1321.0,Pomelos and grapefruits,2001,2001,kg/ha,20918.3,E,Estimated value,
QCL,Crops and livestock products,356,India,5412,Yield,1321.0,Pomelos and grapefruits,2002,2002,kg/ha,21538.5,E,Estimated value,
QCL,Crops and livestock products,356,India,5412,Yield,1321.0,Pomelos and grapefruits,2003,2003,kg/ha,21716.9,E,Estimated value,
QCL,Crops and livestock products,356,India,5412,Yield,1321.0,Pomelos and grapefruits,2004,2004,kg/ha,21969.7,E,Estimated value,
QCL,Crops and livestock products,356,India,5412,Yield,1321.0,Pomelos and grapefruits,2005,2005,kg/ha,22089.6,E,Estimated value,
QCL,Crops and livestock products,356,India,5412,Yield,1321.0,Pomelos and grapefruits,2006,2006,kg/ha,21944.4,E,Estimated value,
QCL,Crops and livestock products,356,India,5412,Yield,1321.0,Pomelos and grapefruits,2007,2007,kg/ha,21975.3,E,Estimated value,
QCL,Crops and livestock products,356,India,5412,Yield,1321.0,Pomelos and grapefruits,2008,2008,kg/ha,23529.4,E,Estimated value,
QCL,Crops and livestock products,356,India,5412,Yield,1321.0,Pomelos and grapefruits,2009,2009,kg/ha,24000.0,E,Estimated value,
QCL,Crops and livestock products,356,India,5412,Yield,1321.0,Pomelos and grapefruits,2010,2010,kg/ha,23703.8,E,Estimated value,
QCL,Crops and livestock products,356,India,5412,Yield,1321.0,Pomelos and grapefruits,2011,2011,kg/ha,23614.3,E,Estimated value,
QCL,Crops and livestock products,356,India,5412,Yield,1321.0,Pomelos and grapefruits,2012,2012,kg/ha,23486.4,E,Estimated value,
QCL,Crops and livestock products,356,India,5412,Yield,1321.0,Pomelos and grapefruits,2013,2013,kg/ha,23379.0,E,Estimated value,
QCL,Crops and livestock products,356,India,5412,Yield,1321.0,Pomelos and grapefruits,2014,2014,kg/ha,23359.8,E,Estimated value,
QCL,Crops and livestock products,356,India,5412,Yield,1321.0,Pomelos and grapefruits,2015,2015,kg/ha,23053.1,E,Estimated value,
QCL,Crops and livestock products,356,India,5412,Yield,1321.0,Pomelos and grapefruits,2016,2016,kg/ha,23999.8,E,Estimated value,
QCL,Crops and livestock products,356,India,5412,Yield,1510.0,Potatoes,2000,2000,kg/ha,18644.3,A,Official figure,
QCL,Crops and livestock products,356,India,5412,Yield,1510.0,Potatoes,2001,2001,kg/ha,18362.7,A,Official figure,
QCL,Crops and livestock products,356,India,5412,Yield,1510.0,Potatoes,2002,2002,kg/ha,19417.3,A,Official figure,
QCL,Crops and livestock products,356,India,5412,Yield,1510.0,Potatoes,2003,2003,kg/ha,17320.8,A,Official figure,
QCL,Crops and livestock products,356,India,5412,Yield,1510.0,Potatoes,2004,2004,kg/ha,18809.1,A,Official figure,
QCL,Crops and livestock products,356,India,5412,Yield,1510.0,Potatoes,2005,2005,kg/ha,18890.8,A,Official figure,
QCL,Crops and livestock products,356,India,5412,Yield,1510.0,Potatoes,2006,2006,kg/ha,18592.0,A,Official figure,
QCL,Crops and livestock products,356,India,5412,Yield,1510.0,Potatoes,2007,2007,kg/ha,16410.1,A,Official figure,
QCL,Crops and livestock products,356,India,5412,Yield,1510.0,Potatoes,2008,2008,kg/ha,19297.3,A,Official figure,
QCL,Crops and livestock products,356,India,5412,Yield,1510.0,Potatoes,2009,2009,kg/ha,18810.3,A,Official figure,
QCL,Crops and livestock products,356,India,5412,Yield,1510.0,Potatoes,2010,2010,kg/ha,19929.9,A,Official figure,
QCL,Crops and livestock products,356,India,5412,Yield,1510.0,Potatoes,2011,2011,kg/ha,22724.0,A,Official figure,
QCL,Crops and livestock products,356,India,5412,Yield,1510.0,Potatoes,2012,2012,kg/ha,21753.0,A,Official figure,
QCL,Crops and livestock products,356,India,5412,Yield,1510.0,Potatoes,2013,2013,kg/ha,22760.6,A,Official figure,
QCL,Crops and livestock products,356,India,5412,Yield,1510.0,Potatoes,2014,2014,kg/ha,22922.4,A,Official figure,
QCL,Crops and livestock products,356,India,5412,Yield,1510.0,Potatoes,2015,2015,kg/ha,23125.7,A,Official figure,
QCL,Crops and livestock products,356,India,5412,Yield,1510.0,Potatoes,2016,2016,kg/ha,20508.7,A,Official figure,
QCL,Crops and livestock products,356,India,5412,Yield,1510.0,Potatoes,2017,2017,kg/ha,22306.1,A,Official figure,
QCL,Crops and livestock products,356,India,5412,Yield,1510.0,Potatoes,2018,2018,kg/ha,23954.2,A,Official figure,
QCL,Crops and livestock products,356,India,5412,Yield,1510.0,Potatoes,2019,2019,kg/ha,23097.1,A,Official figure,
QCL,Crops and livestock products,356,India,5412,Yield,1510.0,Potatoes,2020,2020,kg/ha,23677.2,A,Official figure,
QCL,Crops and livestock products,356,India,5412,Yield,1510.0,Potatoes,2021,2021,kg/ha,24123.7,A,Official figure,
QCL,Crops and livestock products,356,India,5412,Yield,1510.0,Potatoes,2022,2022,kg/ha,25236.3,A,Official figure,
QCL,Crops and livestock products,356,India,5412,Yield,1510.0,Potatoes,2023,2023,kg/ha,25789.9,A,Official figure,
QCL,Crops and livestock products,356,India,5412,Yield,1235.0,"Pumpkins, squash and gourds",2000,2000,kg/ha,9583.3,E,Estimated value,
QCL,Crops and livestock products,356,India,5412,Yield,1235.0,"Pumpkins, squash and gourds",2001,2001,kg/ha,9587.0,E,Estimated value,
QCL,Crops and livestock products,356,India,5412,Yield,1235.0,"Pumpkins, squash and gourds",2002,2002,kg/ha,9591.3,E,Estimated value,
QCL,Crops and livestock products,356,India,5412,Yield,1235.0,"Pumpkins, squash and gourds",2003,2003,kg/ha,9595.5,E,Estimated value,
QCL,Crops and livestock products,356,India,5412,Yield,1235.0,"Pumpkins, squash and gourds",2004,2004,kg/ha,9598.4,E,Estimated value,
QCL,Crops and livestock products,356,India,5412,Yield,1235.0,"Pumpkins, squash and gourds",2005,2005,kg/ha,9600.0,E,Estimated value,
QCL,Crops and livestock products,356,India,5412,Yield,1235.0,"Pumpkins, squash and gourds",2006,2006,kg/ha,9598.4,E,Estimated value,
QCL,Crops and livestock products,356,India,5412,Yield,1235.0,"Pumpkins, squash and gourds",2007,2007,kg/ha,9599.4,E,Estimated value,
QCL,Crops and livestock products,356,India,5412,Yield,1235.0,"Pumpkins, squash and gourds",2008,2008,kg/ha,9600.3,E,Estimated value,
QCL,Crops and livestock products,356,India,5412,Yield,1235.0,"Pumpkins, squash and gourds",2009,2009,kg/ha,9601.3,E,Estimated value,
QCL,Crops and livestock products,356,India,5412,Yield,1235.0,"Pumpkins, squash and gourds",2010,2010,kg/ha,9602.2,E,Estimated value,
QCL,Crops and livestock products,356,India,5412,Yield,1235.0,"Pumpkins, squash and gourds",2011,2011,kg/ha,9603.0,E,Estimated value,
QCL,Crops and livestock products,356,India,5412,Yield,1235.0,"Pumpkins, squash and gourds",2012,2012,kg/ha,9607.8,E,Estimated value,
QCL,Crops and livestock products,356,India,5412,Yield,1235.0,"Pumpkins, squash and gourds",2013,2013,kg/ha,9607.8,E,Estimated value,
QCL,Crops and livestock products,356,India,5412,Yield,1235.0,"Pumpkins, squash and gourds",2014,2014,kg/ha,9601.1,E,Estimated value,
QCL,Crops and livestock products,356,India,5412,Yield,1235.0,"Pumpkins, squash and gourds",2015,2015,kg/ha,9599.0,E,Estimated value,
QCL,Crops and livestock products,356,India,5412,Yield,1235.0,"Pumpkins, squash and gourds",2016,2016,kg/ha,9602.6,E,Estimated value,
QCL,Crops and livestock products,356,India,5412,Yield,1235.0,"Pumpkins, squash and gourds",2017,2017,kg/ha,9600.9,E,Estimated value,
QCL,Crops and livestock products,356,India,5412,Yield,1443.0,Rape or colza seed,2000,2000,kg/ha,960.4,A,Official figure,
QCL,Crops and livestock products,356,India,5412,Yield,1443.0,Rape or colza seed,2001,2001,kg/ha,935.3,A,Official figure,
QCL,Crops and livestock products,356,India,5412,Yield,1443.0,Rape or colza seed,2002,2002,kg/ha,1001.9,A,Official figure,
QCL,Crops and livestock products,356,India,5412,Yield,1443.0,Rape or colza seed,2003,2003,kg/ha,853.8,A,Official figure,
QCL,Crops and livestock products,356,India,5412,Yield,1443.0,Rape or colza seed,2004,2004,kg/ha,1159.0,A,Official figure,
QCL,Crops and livestock products,356,India,5412,Yield,1443.0,Rape or colza seed,2005,2005,kg/ha,1037.8,A,Official figure,
QCL,Crops and livestock products,356,India,5412,Yield,1443.0,Rape or colza seed,2006,2006,kg/ha,1117.5,A,Official figure,
QCL,Crops and livestock products,356,India,5412,Yield,1443.0,Rape or colza seed,2007,2007,kg/ha,1095.4,A,Official figure,
QCL,Crops and livestock products,356,India,5412,Yield,1443.0,Rape or colza seed,2008,2008,kg/ha,1000.7,A,Official figure,
QCL,Crops and livestock products,356,India,5412,Yield,1443.0,Rape or colza seed,2009,2009,kg/ha,1143.3,A,Official figure,
QCL,Crops and livestock products,356,India,5412,Yield,1443.0,Rape or colza seed,2010,2010,kg/ha,1184.2,A,Official figure,
QCL,Crops and livestock products,356,India,5412,Yield,1443.0,Rape or colza seed,2011,2011,kg/ha,1257.1,A,Official figure,
QCL,Crops and livestock products,356,India,5412,Yield,1443.0,Rape or colza seed,2012,2012,kg/ha,1120.5,A,Official figure,
QCL,Crops and livestock products,356,India,5412,Yield,1443.0,Rape or colza seed,2013,2013,kg/ha,1233.4,A,Official figure,
QCL,Crops and livestock products,356,India,5412,Yield,1443.0,Rape or colza seed,2014,2014,kg/ha,1185.3,A,Official figure,
QCL,Crops and livestock products,356,India,5412,Yield,1443.0,Rape or colza seed,2015,2015,kg/ha,1084.8,A,Official figure,
QCL,Crops and livestock products,356,India,5412,Yield,1443.0,Rape or colza seed,2016,2016,kg/ha,1179.6,A,Official figure,
QCL,Crops and livestock products,356,India,5412,Yield,1443.0,Rape or colza seed,2017,2017,kg/ha,1303.5,A,Official figure,
QCL,Crops and livestock products,356,India,5412,Yield,1443.0,Rape or colza seed,2018,2018,kg/ha,1410.3,A,Official figure,
QCL,Crops and livestock products,356,India,5412,Yield,1443.0,Rape or colza seed,2019,2019,kg/ha,1511.4,A,Official figure,
QCL,Crops and livestock products,356,India,5412,Yield,1443.0,Rape or colza seed,2020,2020,kg/ha,1330.7,A,Official figure,
QCL,Crops and livestock products,356,India,5412,Yield,1443.0,Rape or colza seed,2021,2021,kg/ha,1523.9,A,Official figure,
QCL,Crops and livestock products,356,India,5412,Yield,1443.0,Rape or colza seed,2022,2022,kg/ha,1497.0,A,Official figure,
QCL,Crops and livestock products,356,India,5412,Yield,1443.0,Rape or colza seed,2023,2023,kg/ha,1428.4,A,Official figure,
QCL,Crops and livestock products,356,India,5412,Yield,113.0,Rice,2000,2000,kg/ha,2850.8,A,Official figure,
QCL,Crops and livestock products,356,India,5412,Yield,113.0,Rice,2001,2001,kg/ha,3115.8,A,Official figure,
QCL,Crops and livestock products,356,India,5412,Yield,113.0,Rice,2002,2002,kg/ha,2616.3,A,Official figure,
QCL,Crops and livestock products,356,India,5412,Yield,113.0,Rice,2003,2003,kg/ha,3117.7,A,Official figure,
QCL,Crops and livestock products,356,India,5412,Yield,113.0,Rice,2004,2004,kg/ha,2975.6,A,Official figure,
QCL,Crops and livestock products,356,India,5412,Yield,113.0,Rice,2005,2005,kg/ha,3153.7,A,Official figure,
QCL,Crops and livestock products,356,India,5412,Yield,113.0,Rice,2006,2006,kg/ha,3175.9,A,Official figure,
QCL,Crops and livestock products,356,India,5412,Yield,113.0,Rice,2007,2007,kg/ha,3292.4,A,Official figure,
QCL,Crops and livestock products,356,India,5412,Yield,113.0,Rice,2008,2008,kg/ha,3250.9,A,Official figure,
QCL,Crops and livestock products,356,India,5412,Yield,113.0,Rice,2009,2009,kg/ha,3236.6,A,Official figure,
QCL,Crops and livestock products,356,India,5412,Yield,113.0,Rice,2010,2010,kg/ha,3358.7,A,Official figure,
QCL,Crops and livestock products,356,India,5412,Yield,113.0,Rice,2011,2011,kg/ha,3587.8,A,Official figure,
QCL,Crops and livestock products,356,India,5412,Yield,113.0,Rice,2012,2012,kg/ha,3690.9,A,Official figure,
QCL,Crops and livestock products,356,India,5412,Yield,113.0,Rice,2013,2013,kg/ha,3624.3,A,Official figure,
QCL,Crops and livestock products,356,India,5412,Yield,113.0,Rice,2014,2014,kg/ha,3586.8,A,Official figure,
QCL,Crops and livestock products,356,India,5412,Yield,113.0,Rice,2015,2015,kg/ha,3600.2,A,Official figure,
QCL,Crops and livestock products,356,India,5412,Yield,113.0,Rice,2016,2016,kg/ha,3740.1,A,Official figure,
QCL,Crops and livestock products,356,India,5412,Yield,113.0,Rice,2017,2017,kg/ha,3863.7,A,Official figure,
QCL,Crops and livestock products,356,India,5412,Yield,113.0,Rice,2018,2018,kg/ha,3956.7,A,Official figure,
QCL,Crops and livestock products,356,India,5412,Yield,113.0,Rice,2019,2019,kg/ha,4083.6,A,Official figure,
QCL,Crops and livestock products,356,India,5412,Yield,113.0,Rice,2020,2020,kg/ha,4075.7,A,Official figure,
QCL,Crops and livestock products,356,India,5412,Yield,113.0,Rice,2021,2021,kg/ha,4196.2,A,Official figure,
QCL,Crops and livestock products,356,India,5412,Yield,113.0,Rice,2022,2022,kg/ha,4257.1,A,Official figure,
QCL,Crops and livestock products,356,India,5412,Yield,113.0,Rice,2023,2023,kg/ha,4322.3,A,Official figure,
QCL,Crops and livestock products,356,India,5412,Yield,1446.0,Safflower seed,2000,2000,kg/ha,593.8,A,Official figure,
QCL,Crops and livestock products,356,India,5412,Yield,1446.0,Safflower seed,2001,2001,kg/ha,475.5,A,Official figure,
QCL,Crops and livestock products,356,India,5412,Yield,1446.0,Safflower seed,2002,2002,kg/ha,568.9,A,Official figure,
QCL,Crops and livestock products,356,India,5412,Yield,1446.0,Safflower seed,2003,2003,kg/ha,483.1,A,Official figure,
QCL,Crops and livestock products,356,India,5412,Yield,1446.0,Safflower seed,2004,2004,kg/ha,370.7,A,Official figure,
QCL,Crops and livestock products,356,India,5412,Yield,1446.0,Safflower seed,2005,2005,kg/ha,470.3,A,Official figure,
QCL,Crops and livestock products,356,India,5412,Yield,1446.0,Safflower seed,2006,2006,kg/ha,627.0,A,Official figure,
QCL,Crops and livestock products,356,India,5412,Yield,1446.0,Safflower seed,2007,2007,kg/ha,685.7,A,Official figure,
QCL,Crops and livestock products,356,India,5412,Yield,1446.0,Safflower seed,2008,2008,kg/ha,641.9,E,Estimated value,
QCL,Crops and livestock products,356,India,5412,Yield,1446.0,Safflower seed,2009,2009,kg/ha,642.2,A,Official figure,
QCL,Crops and livestock products,356,India,5412,Yield,1446.0,Safflower seed,2010,2010,kg/ha,621.3,A,Official figure,
QCL,Crops and livestock products,356,India,5412,Yield,1446.0,Safflower seed,2011,2011,kg/ha,654.9,A,Official figure,
QCL,Crops and livestock products,356,India,5412,Yield,1446.0,Safflower seed,2012,2012,kg/ha,814.6,A,Official figure,
QCL,Crops and livestock products,356,India,5412,Yield,1446.0,Safflower seed,2013,2013,kg/ha,726.7,A,Official figure,
QCL,Crops and livestock products,356,India,5412,Yield,1446.0,Safflower seed,2014,2014,kg/ha,635.8,A,Official figure,
QCL,Crops and livestock products,356,India,5412,Yield,1446.0,Safflower seed,2015,2015,kg/ha,514.3,A,Official figure,
QCL,Crops and livestock products,356,India,5412,Yield,1446.0,Safflower seed,2016,2016,kg/ha,368.1,A,Official figure,
QCL,Crops and livestock products,356,India,5412,Yield,1446.0,Safflower seed,2017,2017,kg/ha,650.9,A,Official figure,
QCL,Crops and livestock products,356,India,5412,Yield,1446.0,Safflower seed,2018,2018,kg/ha,672.9,A,Official figure,
QCL,Crops and livestock products,356,India,5412,Yield,1446.0,Safflower seed,2019,2019,kg/ha,536.9,A,Official figure,
QCL,Crops and livestock products,356,India,5412,Yield,1446.0,Safflower seed,2020,2020,kg/ha,843.2,A,Official figure,
QCL,Crops and livestock products,356,India,5412,Yield,1446.0,Safflower seed,2021,2021,kg/ha,640.4,A,Official figure,
QCL,Crops and livestock products,356,India,5412,Yield,1446.0,Safflower seed,2022,2022,kg/ha,776.9,A,Official figure,
QCL,Crops and livestock products,356,India,5412,Yield,1446.0,Safflower seed,2023,2023,kg/ha,826.3,A,Official figure,
QCL,Crops and livestock products,356,India,5412,Yield,1921.01,"Seed cotton, unginned",2000,2000,kg/ha,597.9,A,Official figure,
QCL,Crops and livestock products,356,India,5412,Yield,1921.01,"Seed cotton, unginned",2001,2001,kg/ha,583.6,A,Official figure,
QCL,Crops and livestock products,356,India,5412,Yield,1921.01,"Seed cotton, unginned",2002,2002,kg/ha,597.4,A,Official figure,
QCL,Crops and livestock products,356,India,5412,Yield,1921.01,"Seed cotton, unginned",2003,2003,kg/ha,960.0,A,Official figure,
QCL,Crops and livestock products,356,India,5412,Yield,1921.01,"Seed cotton, unginned",2004,2004,kg/ha,993.3,A,Official figure,
QCL,Crops and livestock products,356,India,5412,Yield,1921.01,"Seed cotton, unginned",2005,2005,kg/ha,1132.6,A,Official figure,
QCL,Crops and livestock products,356,India,5412,Yield,1921.01,"Seed cotton, unginned",2006,2006,kg/ha,1315.1,A,Official figure,
QCL,Crops and livestock products,356,India,5412,Yield,1921.01,"Seed cotton, unginned",2007,2007,kg/ha,1461.3,A,Official figure,
QCL,Crops and livestock products,356,India,5412,Yield,1921.01,"Seed cotton, unginned",2008,2008,kg/ha,1257.6,A,Official figure,
QCL,Crops and livestock products,356,India,5412,Yield,1921.01,"Seed cotton, unginned",2009,2009,kg/ha,1237.7,A,Official figure,
QCL,Crops and livestock products,356,India,5412,Yield,1921.01,"Seed cotton, unginned",2010,2010,kg/ha,1594.0,A,Official figure,
QCL,Crops and livestock products,356,India,5412,Yield,1921.01,"Seed cotton, unginned",2011,2011,kg/ha,1574.8,A,Official figure,
QCL,Crops and livestock products,356,India,5412,Yield,1921.01,"Seed cotton, unginned",2012,2012,kg/ha,1517.4,A,Official figure,
QCL,Crops and livestock products,356,India,5412,Yield,1921.01,"Seed cotton, unginned",2013,2013,kg/ha,1617.9,A,Official figure,
QCL,Crops and livestock products,356,India,5412,Yield,1921.01,"Seed cotton, unginned",2014,2014,kg/ha,1413.1,A,Official figure,
QCL,Crops and livestock products,356,India,5412,Yield,1921.01,"Seed cotton, unginned",2015,2015,kg/ha,1343.1,A,Official figure,
QCL,Crops and livestock products,356,India,5412,Yield,1921.01,"Seed cotton, unginned",2016,2016,kg/ha,1598.2,A,Official figure,
QCL,Crops and livestock products,356,India,5412,Yield,1921.01,"Seed cotton, unginned",2017,2017,kg/ha,1401.9,A,Official figure,
QCL,Crops and livestock products,356,India,5412,Yield,1921.01,"Seed cotton, unginned",2018,2018,kg/ha,1164.5,A,Official figure,
QCL,Crops and livestock products,356,India,5412,Yield,1921.01,"Seed cotton, unginned",2019,2019,kg/ha,1471.2,E,Estimated value,
QCL,Crops and livestock products,356,India,5412,Yield,1921.01,"Seed cotton, unginned",2020,2020,kg/ha,1315.7,E,Estimated value,
QCL,Crops and livestock products,356,India,5412,Yield,1921.01,"Seed cotton, unginned",2021,2021,kg/ha,1294.9,E,Estimated value,
QCL,Crops and livestock products,356,India,5412,Yield,1921.01,"Seed cotton, unginned",2022,2022,kg/ha,1212.5,E,Estimated value,
QCL,Crops and livestock products,356,India,5412,Yield,1921.01,"Seed cotton, unginned",2023,2023,kg/ha,1268.7,E,Estimated value,
QCL,Crops and livestock products,356,India,5412,Yield,1444.0,Sesame seed,2000,2000,kg/ha,301.0,A,Official figure,
QCL,Crops and livestock products,356,India,5412,Yield,1444.0,Sesame seed,2001,2001,kg/ha,417.7,A,Official figure,
QCL,Crops and livestock products,356,India,5412,Yield,1444.0,Sesame seed,2002,2002,kg/ha,305.5,A,Official figure,
QCL,Crops and livestock products,356,India,5412,Yield,1444.0,Sesame seed,2003,2003,kg/ha,460.0,A,Official figure,
QCL,Crops and livestock products,356,India,5412,Yield,1444.0,Sesame seed,2004,2004,kg/ha,365.6,A,Official figure,
QCL,Crops and livestock products,356,India,5412,Yield,1444.0,Sesame seed,2005,2005,kg/ha,372.0,A,Official figure,
QCL,Crops and livestock products,356,India,5412,Yield,1444.0,Sesame seed,2006,2006,kg/ha,375.2,A,Official figure,
QCL,Crops and livestock products,356,India,5412,Yield,1444.0,Sesame seed,2007,2007,kg/ha,420.7,A,Official figure,
QCL,Crops and livestock products,356,India,5412,Yield,1444.0,Sesame seed,2008,2008,kg/ha,353.9,A,Official figure,
QCL,Crops and livestock products,356,India,5412,Yield,1444.0,Sesame seed,2009,2009,kg/ha,303.0,A,Official figure,
QCL,Crops and livestock products,356,India,5412,Yield,1444.0,Sesame seed,2010,2010,kg/ha,429.5,A,Official figure,
QCL,Crops and livestock products,356,India,5412,Yield,1444.0,Sesame seed,2011,2011,kg/ha,425.9,A,Official figure,
QCL,Crops and livestock products,356,India,5412,Yield,1444.0,Sesame seed,2012,2012,kg/ha,401.5,A,Official figure,
QCL,Crops and livestock products,356,India,5412,Yield,1444.0,Sesame seed,2013,2013,kg/ha,426.1,A,Official figure,
QCL,Crops and livestock products,356,India,5412,Yield,1444.0,Sesame seed,2014,2014,kg/ha,465.7,A,Official figure,
QCL,Crops and livestock products,356,India,5412,Yield,1444.0,Sesame seed,2015,2015,kg/ha,436.6,A,Official figure,
QCL,Crops and livestock products,356,India,5412,Yield,1444.0,Sesame seed,2016,2016,kg/ha,393.2,E,Estimated value,
QCL,Crops and livestock products,356,India,5412,Yield,1444.0,Sesame seed,2017,2017,kg/ha,448.1,A,Official figure,
QCL,Crops and livestock products,356,India,5412,Yield,1444.0,Sesame seed,2018,2018,kg/ha,478.2,A,Official figure,
QCL,Crops and livestock products,356,India,5412,Yield,1444.0,Sesame seed,2019,2019,kg/ha,485.4,A,Official figure,
QCL,Crops and livestock products,356,India,5412,Yield,1444.0,Sesame seed,2020,2020,kg/ha,405.2,A,Official figure,
QCL,Crops and livestock products,356,India,5412,Yield,1444.0,Sesame seed,2021,2021,kg/ha,474.2,A,Official figure,
QCL,Crops and livestock products,356,India,5412,Yield,1444.0,Sesame seed,2022,2022,kg/ha,484.8,A,Official figure,
QCL,Crops and livestock products,356,India,5412,Yield,1444.0,Sesame seed,2023,2023,kg/ha,526.7,A,Official figure,
QCL,Crops and livestock products,356,India,5412,Yield,114.0,Sorghum,2000,2000,kg/ha,763.9,A,Official figure,
QCL,Crops and livestock products,356,India,5412,Yield,114.0,Sorghum,2001,2001,kg/ha,771.5,A,Official figure,
QCL,Crops and livestock products,356,India,5412,Yield,114.0,Sorghum,2002,2002,kg/ha,760.2,A,Official figure,
QCL,Crops and livestock products,356,India,5412,Yield,114.0,Sorghum,2003,2003,kg/ha,754.0,A,Official figure,
QCL,Crops and livestock products,356,India,5412,Yield,114.0,Sorghum,2004,2004,kg/ha,716.1,A,Official figure,
QCL,Crops and livestock products,356,India,5412,Yield,114.0,Sorghum,2005,2005,kg/ha,796.8,A,Official figure,
QCL,Crops and livestock products,356,India,5412,Yield,114.0,Sorghum,2006,2006,kg/ha,880.3,A,Official figure,
QCL,Crops and livestock products,356,India,5412,Yield,114.0,Sorghum,2007,2007,kg/ha,844.3,A,Official figure,
QCL,Crops and livestock products,356,India,5412,Yield,114.0,Sorghum,2008,2008,kg/ha,1020.9,A,Official figure,
QCL,Crops and livestock products,356,India,5412,Yield,114.0,Sorghum,2009,2009,kg/ha,962.1,A,Official figure,
QCL,Crops and livestock products,356,India,5412,Yield,114.0,Sorghum,2010,2010,kg/ha,860.2,A,Official figure,
QCL,Crops and livestock products,356,India,5412,Yield,114.0,Sorghum,2011,2011,kg/ha,948.7,A,Official figure,
QCL,Crops and livestock products,356,India,5412,Yield,114.0,Sorghum,2012,2012,kg/ha,956.8,A,Official figure,
QCL,Crops and livestock products,356,India,5412,Yield,114.0,Sorghum,2013,2013,kg/ha,850.2,A,Official figure,
QCL,Crops and livestock products,356,India,5412,Yield,114.0,Sorghum,2014,2014,kg/ha,956.8,A,Official figure,
QCL,Crops and livestock products,356,India,5412,Yield,114.0,Sorghum,2015,2015,kg/ha,884.7,A,Official figure,
QCL,Crops and livestock products,356,India,5412,Yield,114.0,Sorghum,2016,2016,kg/ha,697.4,A,Official figure,
QCL,Crops and livestock products,356,India,5412,Yield,114.0,Sorghum,2017,2017,kg/ha,812.2,A,Official figure,
QCL,Crops and livestock products,356,India,5412,Yield,114.0,Sorghum,2018,2018,kg/ha,956.0,A,Official figure,
QCL,Crops and livestock products,356,India,5412,Yield,114.0,Sorghum,2019,2019,kg/ha,849.1,A,Official figure,
QCL,Crops and livestock products,356,India,5412,Yield,114.0,Sorghum,2020,2020,kg/ha,989.3,A,Official figure,
QCL,Crops and livestock products,356,India,5412,Yield,114.0,Sorghum,2021,2021,kg/ha,1099.2,A,Official figure,
QCL,Crops and livestock products,356,India,5412,Yield,114.0,Sorghum,2022,2022,kg/ha,1092.0,A,Official figure,
QCL,Crops and livestock products,356,India,5412,Yield,114.0,Sorghum,2023,2023,kg/ha,1079.1,A,Official figure,
QCL,Crops and livestock products,356,India,5412,Yield,141.0,Soya beans,2000,2000,kg/ha,822.2,A,Official figure,
QCL,Crops and livestock products,356,India,5412,Yield,141.0,Soya beans,2001,2001,kg/ha,940.0,A,Official figure,
QCL,Crops and livestock products,356,India,5412,Yield,141.0,Soya beans,2002,2002,kg/ha,762.4,A,Official figure,
QCL,Crops and livestock products,356,India,5412,Yield,141.0,Soya beans,2003,2003,kg/ha,1192.9,A,Official figure,
QCL,Crops and livestock products,356,India,5412,Yield,141.0,Soya beans,2004,2004,kg/ha,908.2,A,Official figure,
QCL,Crops and livestock products,356,India,5412,Yield,141.0,Soya beans,2005,2005,kg/ha,1073.4,A,Official figure,
QCL,Crops and livestock products,356,India,5412,Yield,141.0,Soya beans,2006,2006,kg/ha,1062.8,A,Official figure,
QCL,Crops and livestock products,356,India,5412,Yield,141.0,Soya beans,2007,2007,kg/ha,1235.1,A,Official figure,
QCL,Crops and livestock products,356,India,5412,Yield,141.0,Soya beans,2008,2008,kg/ha,1041.5,A,Official figure,
QCL,Crops and livestock products,356,India,5412,Yield,141.0,Soya beans,2009,2009,kg/ha,1023.6,A,Official figure,
QCL,Crops and livestock products,356,India,5412,Yield,141.0,Soya beans,2010,2010,kg/ha,1333.0,A,Official figure,
QCL,Crops and livestock products,356,India,5412,Yield,141.0,Soya beans,2011,2011,kg/ha,1199.8,A,Official figure,
QCL,Crops and livestock products,356,India,5412,Yield,141.0,Soya beans,2012,2012,kg/ha,1353.0,A,Official figure,
QCL,Crops and livestock products,356,India,5412,Yield,141.0,Soya beans,2013,2013,kg/ha,1012.3,A,Official figure,
QCL,Crops and livestock products,356,India,5412,Yield,141.0,Soya beans,2014,2014,kg/ha,935.8,A,Official figure,
QCL,Crops and livestock products,356,India,5412,Yield,141.0,Soya beans,2015,2015,kg/ha,734.4,A,Official figure,
QCL,Crops and livestock products,356,India,5412,Yield,141.0,Soya beans,2016,2016,kg/ha,1177.0,A,Official figure,
QCL,Crops and livestock products,356,India,5412,Yield,141.0,Soya beans,2017,2017,kg/ha,1176.6,A,Official figure,
QCL,Crops and livestock products,356,India,5412,Yield,141.0,Soya beans,2018,2018,kg/ha,1058.5,A,Official figure,
QCL,Crops and livestock products,356,India,5412,Yield,141.0,Soya beans,2019,2019,kg/ha,1191.9,A,Official figure,
QCL,Crops and livestock products,356,India,5412,Yield,141.0,Soya beans,2020,2020,kg/ha,920.7,A,Official figure,
QCL,Crops and livestock products,356,India,5412,Yield,141.0,Soya beans,2021,2021,kg/ha,976.2,A,Official figure,
QCL,Crops and livestock products,356,India,5412,Yield,141.0,Soya beans,2022,2022,kg/ha,1069.2,A,Official figure,
QCL,Crops and livestock products,356,India,5412,Yield,141.0,Soya beans,2023,2023,kg/ha,1145.3,A,Official figure,
QCL,Crops and livestock products,356,India,5412,Yield,1802.0,Sugar cane,2000,2000,kg/ha,70934.9,A,Official figure,
QCL,Crops and livestock products,356,India,5412,Yield,1802.0,Sugar cane,2001,2001,kg/ha,68576.6,A,Official figure,
QCL,Crops and livestock products,356,India,5412,Yield,1802.0,Sugar cane,2002,2002,kg/ha,67369.6,A,Official figure,
QCL,Crops and livestock products,356,India,5412,Yield,1802.0,Sugar cane,2003,2003,kg/ha,63576.1,A,Official figure,
QCL,Crops and livestock products,356,India,5412,Yield,1802.0,Sugar cane,2004,2004,kg/ha,59379.9,A,Official figure,
QCL,Crops and livestock products,356,India,5412,Yield,1802.0,Sugar cane,2005,2005,kg/ha,64751.7,A,Official figure,
QCL,Crops and livestock products,356,India,5412,Yield,1802.0,Sugar cane,2006,2006,kg/ha,66928.1,A,Official figure,
QCL,Crops and livestock products,356,India,5412,Yield,1802.0,Sugar cane,2007,2007,kg/ha,69033.0,A,Official figure,
QCL,Crops and livestock products,356,India,5412,Yield,1802.0,Sugar cane,2008,2008,kg/ha,68877.2,A,Official figure,
QCL,Crops and livestock products,356,India,5412,Yield,1802.0,Sugar cane,2009,2009,kg/ha,64553.5,A,Official figure,
QCL,Crops and livestock products,356,India,5412,Yield,1802.0,Sugar cane,2010,2010,kg/ha,70019.1,A,Official figure,
QCL,Crops and livestock products,356,India,5412,Yield,1802.0,Sugar cane,2011,2011,kg/ha,69246.6,A,Official figure,
QCL,Crops and livestock products,356,India,5412,Yield,1802.0,Sugar cane,2012,2012,kg/ha,71634.3,A,Official figure,
QCL,Crops and livestock products,356,India,5412,Yield,1802.0,Sugar cane,2013,2013,kg/ha,68240.0,A,Official figure,
QCL,Crops and livestock products,356,India,5412,Yield,1802.0,Sugar cane,2014,2014,kg/ha,70569.5,A,Official figure,
QCL,Crops and livestock products,356,India,5412,Yield,1802.0,Sugar cane,2015,2015,kg/ha,71466.1,A,Official figure,
QCL,Crops and livestock products,356,India,5412,Yield,1802.0,Sugar cane,2016,2016,kg/ha,70393.5,A,Official figure,
QCL,Crops and livestock products,356,India,5412,Yield,1802.0,Sugar cane,2017,2017,kg/ha,69001.4,A,Official figure,
QCL,Crops and livestock products,356,India,5412,Yield,1802.0,Sugar cane,2018,2018,kg/ha,80198.4,A,Official figure,
QCL,Crops and livestock products,356,India,5412,Yield,1802.0,Sugar cane,2019,2019,kg/ha,80104.5,A,Official figure,
QCL,Crops and livestock products,356,India,5412,Yield,1802.0,Sugar cane,2020,2020,kg/ha,80496.6,A,Official figure,
QCL,Crops and livestock products,356,India,5412,Yield,1802.0,Sugar cane,2021,2021,kg/ha,83566.2,A,Official figure,
QCL,Crops and livestock products,356,India,5412,Yield,1802.0,Sugar cane,2022,2022,kg/ha,84906.3,A,Official figure,
QCL,Crops and livestock products,356,India,5412,Yield,1802.0,Sugar cane,2023,2023,kg/ha,83348.7,A,Official figure,
QCL,Crops and livestock products,356,India,5412,Yield,1445.0,Sunflower seed,2000,2000,kg/ha,602.0,A,Official figure,
QCL,Crops and livestock products,356,India,5412,Yield,1445.0,Sunflower seed,2001,2001,kg/ha,577.4,A,Official figure,
QCL,Crops and livestock products,356,India,5412,Yield,1445.0,Sunflower seed,2002,2002,kg/ha,531.4,A,Official figure,
QCL,Crops and livestock products,356,India,5412,Yield,1445.0,Sunflower seed,2003,2003,kg/ha,464.4,A,Official figure,
QCL,Crops and livestock products,356,India,5412,Yield,1445.0,Sunflower seed,2004,2004,kg/ha,549.2,A,Official figure,
QCL,Crops and livestock products,356,India,5412,Yield,1445.0,Sunflower seed,2005,2005,kg/ha,615.1,A,Official figure,
QCL,Crops and livestock products,356,India,5412,Yield,1445.0,Sunflower seed,2006,2006,kg/ha,568.5,A,Official figure,
QCL,Crops and livestock products,356,India,5412,Yield,1445.0,Sunflower seed,2007,2007,kg/ha,766.0,A,Official figure,
QCL,Crops and livestock products,356,India,5412,Yield,1445.0,Sunflower seed,2008,2008,kg/ha,638.8,A,Official figure,
QCL,Crops and livestock products,356,India,5412,Yield,1445.0,Sunflower seed,2009,2009,kg/ha,576.1,A,Official figure,
QCL,Crops and livestock products,356,India,5412,Yield,1445.0,Sunflower seed,2010,2010,kg/ha,700.0,A,Official figure,
QCL,Crops and livestock products,356,India,5412,Yield,1445.0,Sunflower seed,2011,2011,kg/ha,708.2,A,Official figure,
QCL,Crops and livestock products,356,India,5412,Yield,1445.0,Sunflower seed,2012,2012,kg/ha,663.4,A,Official figure,
QCL,Crops and livestock products,356,India,5412,Yield,1445.0,Sunflower seed,2013,2013,kg/ha,750.6,A,Official figure,
QCL,Crops and livestock products,356,India,5412,Yield,1445.0,Sunflower seed,2014,2014,kg/ha,786.2,A,Official figure,
QCL,Crops and livestock products,356,India,5412,Yield,1445.0,Sunflower seed,2015,2015,kg/ha,629.8,A,Official figure,
QCL,Crops and livestock products,356,India,5412,Yield,1445.0,Sunflower seed,2016,2016,kg/ha,529.5,A,Official figure,
QCL,Crops and livestock products,356,India,5412,Yield,1445.0,Sunflower seed,2017,2017,kg/ha,659.6,A,Official figure,
QCL,Crops and livestock products,356,India,5412,Yield,1445.0,Sunflower seed,2018,2018,kg/ha,781.8,A,Official figure,
QCL,Crops and livestock products,356,India,5412,Yield,1445.0,Sunflower seed,2019,2019,kg/ha,825.5,A,Official figure,
QCL,Crops and livestock products,356,India,5412,Yield,1445.0,Sunflower seed,2020,2020,kg/ha,931.0,A,Official figure,
QCL,Crops and livestock products,356,India,5412,Yield,1445.0,Sunflower seed,2021,2021,kg/ha,1010.8,A,Official figure,
QCL,Crops and livestock products,356,India,5412,Yield,1445.0,Sunflower seed,2022,2022,kg/ha,922.7,A,Official figure,
QCL,Crops and livestock products,356,India,5412,Yield,1445.0,Sunflower seed,2023,2023,kg/ha,996.4,A,Official figure,
QCL,Crops and livestock products,356,India,5412,Yield,1530.0,Sweet potatoes,2000,2000,kg/ha,9742.1,A,Official figure,
QCL,Crops and livestock products,356,India,5412,Yield,1530.0,Sweet potatoes,2001,2001,kg/ha,8836.8,A,Official figure,
QCL,Crops and livestock products,356,India,5412,Yield,1530.0,Sweet potatoes,2002,2002,kg/ha,8569.4,A,Official figure,
QCL,Crops and livestock products,356,India,5412,Yield,1530.0,Sweet potatoes,2003,2003,kg/ha,8569.4,A,Official figure,
QCL,Crops and livestock products,356,India,5412,Yield,1530.0,Sweet potatoes,2004,2004,kg/ha,8858.8,A,Official figure,
QCL,Crops and livestock products,356,India,5412,Yield,1530.0,Sweet potatoes,2005,2005,kg/ha,8847.7,A,Official figure,
QCL,Crops and livestock products,356,India,5412,Yield,1530.0,Sweet potatoes,2006,2006,kg/ha,8684.9,A,Official figure,
QCL,Crops and livestock products,356,India,5412,Yield,1530.0,Sweet potatoes,2007,2007,kg/ha,8697.6,A,Official figure,
QCL,Crops and livestock products,356,India,5412,Yield,1530.0,Sweet potatoes,2008,2008,kg/ha,8894.3,A,Official figure,
QCL,Crops and livestock products,356,India,5412,Yield,1530.0,Sweet potatoes,2009,2009,kg/ha,9008.0,A,Official figure,
QCL,Crops and livestock products,356,India,5412,Yield,1530.0,Sweet potatoes,2010,2010,kg/ha,9206.9,A,Official figure,
QCL,Crops and livestock products,356,India,5412,Yield,1530.0,Sweet potatoes,2011,2011,kg/ha,9245.6,A,Official figure,
QCL,Crops and livestock products,356,India,5412,Yield,1530.0,Sweet potatoes,2012,2012,kg/ha,9717.4,A,Official figure,
QCL,Crops and livestock products,356,India,5412,Yield,1530.0,Sweet potatoes,2013,2013,kg/ha,10128.8,A,Official figure,
QCL,Crops and livestock products,356,India,5412,Yield,1530.0,Sweet potatoes,2014,2014,kg/ha,10275.6,A,Official figure,
QCL,Crops and livestock products,356,India,5412,Yield,1530.0,Sweet potatoes,2015,2015,kg/ha,11476.6,A,Official figure,
QCL,Crops and livestock products,356,India,5412,Yield,1530.0,Sweet potatoes,2016,2016,kg/ha,11539.7,A,Official figure,
QCL,Crops and livestock products,356,India,5412,Yield,1530.0,Sweet potatoes,2017,2017,kg/ha,11406.3,A,Official figure,
QCL,Crops and livestock products,356,India,5412,Yield,1530.0,Sweet potatoes,2018,2018,kg/ha,11450.4,A,Official figure,
QCL,Crops and livestock products,356,India,5412,Yield,1530.0,Sweet potatoes,2019,2019,kg/ha,10509.1,A,Official figure,
QCL,Crops and livestock products,356,India,5412,Yield,1530.0,Sweet potatoes,2020,2020,kg/ha,10564.8,A,Official figure,
QCL,Crops and livestock products,356,India,5412,Yield,1530.0,Sweet potatoes,2021,2021,kg/ha,10575.5,A,Official figure,
QCL,Crops and livestock products,356,India,5412,Yield,1530.0,Sweet potatoes,2022,2022,kg/ha,11065.4,A,Official figure,
QCL,Crops and livestock products,356,India,5412,Yield,1530.0,Sweet potatoes,2023,2023,kg/ha,11718.2,A,Official figure,
QCL,Crops and livestock products,356,India,5412,Yield,1324.0,"Tangerines, mandarins, clementines",2011,2011,kg/ha,10046.3,A,Official figure,
QCL,Crops and livestock products,356,India,5412,Yield,1324.0,"Tangerines, mandarins, clementines",2012,2012,kg/ha,9507.6,A,Official figure,
QCL,Crops and livestock products,356,India,5412,Yield,1324.0,"Tangerines, mandarins, clementines",2013,2013,kg/ha,9344.1,A,Official figure,
QCL,Crops and livestock products,356,India,5412,Yield,1324.0,"Tangerines, mandarins, clementines",2014,2014,kg/ha,10397.0,A,Official figure,
QCL,Crops and livestock products,356,India,5412,Yield,1324.0,"Tangerines, mandarins, clementines",2015,2015,kg/ha,12371.2,A,Official figure,
QCL,Crops and livestock products,356,India,5412,Yield,1324.0,"Tangerines, mandarins, clementines",2016,2016,kg/ha,10360.2,A,Official figure,
QCL,Crops and livestock products,356,India,5412,Yield,1324.0,"Tangerines, mandarins, clementines",2017,2017,kg/ha,10824.4,A,Official figure,
QCL,Crops and livestock products,356,India,5412,Yield,1324.0,"Tangerines, mandarins, clementines",2018,2018,kg/ha,11918.2,A,Official figure,
QCL,Crops and livestock products,356,India,5412,Yield,1324.0,"Tangerines, mandarins, clementines",2019,2019,kg/ha,13311.3,A,Official figure,
QCL,Crops and livestock products,356,India,5412,Yield,1324.0,"Tangerines, mandarins, clementines",2020,2020,kg/ha,13497.8,A,Official figure,
QCL,Crops and livestock products,356,India,5412,Yield,1324.0,"Tangerines, mandarins, clementines",2021,2021,kg/ha,13037.7,A,Official figure,
QCL,Crops and livestock products,356,India,5412,Yield,1324.0,"Tangerines, mandarins, clementines",2022,2022,kg/ha,13883.3,A,Official figure,
QCL,Crops and livestock products,356,India,5412,Yield,1324.0,"Tangerines, mandarins, clementines",2023,2023,kg/ha,13430.4,A,Official figure,
QCL,Crops and livestock products,356,India,5412,Yield,1620.0,Tea leaves,2000,2000,kg/ha,7328.6,E,Estimated value,
QCL,Crops and livestock products,356,India,5412,Yield,1620.0,Tea leaves,2001,2001,kg/ha,7307.5,E,Estimated value,
QCL,Crops and livestock products,356,India,5412,Yield,1620.0,Tea leaves,2002,2002,kg/ha,7280.4,E,Estimated value,
QCL,Crops and livestock products,356,India,5412,Yield,1620.0,Tea leaves,2003,2003,kg/ha,7127.9,E,Estimated value,
QCL,Crops and livestock products,356,India,5412,Yield,1620.0,Tea leaves,2004,2004,kg/ha,7350.0,E,Estimated value,
QCL,Crops and livestock products,356,India,5412,Yield,1620.0,Tea leaves,2005,2005,kg/ha,7568.1,E,Estimated value,
QCL,Crops and livestock products,356,India,5412,Yield,1620.0,Tea leaves,2006,2006,kg/ha,7426.1,E,Estimated value,
QCL,Crops and livestock products,356,India,5412,Yield,1620.0,Tea leaves,2007,2007,kg/ha,7460.1,E,Estimated value,
QCL,Crops and livestock products,356,India,5412,Yield,1620.0,Tea leaves,2008,2008,kg/ha,7418.0,E,Estimated value,
QCL,Crops and livestock products,356,India,5412,Yield,1620.0,Tea leaves,2009,2009,kg/ha,7304.0,E,Estimated value,
QCL,Crops and livestock products,356,India,5412,Yield,1620.0,Tea leaves,2010,2010,kg/ha,7442.1,E,Estimated value,
QCL,Crops and livestock products,356,India,5412,Yield,1620.0,Tea leaves,2011,2011,kg/ha,7938.3,E,Estimated value,
QCL,Crops and livestock products,356,India,5412,Yield,1620.0,Tea leaves,2012,2012,kg/ha,8157.0,E,Estimated value,
QCL,Crops and livestock products,356,India,5412,Yield,1620.0,Tea leaves,2013,2013,kg/ha,9319.5,E,Estimated value,
QCL,Crops and livestock products,356,India,5412,Yield,1620.0,Tea leaves,2014,2014,kg/ha,8690.4,E,Estimated value,
QCL,Crops and livestock products,356,India,5412,Yield,1620.0,Tea leaves,2015,2015,kg/ha,9460.7,E,Estimated value,
QCL,Crops and livestock products,356,India,5412,Yield,1620.0,Tea leaves,2016,2016,kg/ha,9415.0,E,Estimated value,
QCL,Crops and livestock products,356,India,5412,Yield,1620.0,Tea leaves,2017,2017,kg/ha,9267.9,E,Estimated value,
QCL,Crops and livestock products,356,India,5412,Yield,1620.0,Tea leaves,2018,2018,kg/ha,9357.1,E,Estimated value,
QCL,Crops and livestock products,356,India,5412,Yield,1620.0,Tea leaves,2019,2019,kg/ha,9484.9,E,Estimated value,
QCL,Crops and livestock products,356,India,5412,Yield,1620.0,Tea leaves,2020,2020,kg/ha,9767.2,E,Estimated value,
QCL,Crops and livestock products,356,India,5412,Yield,1620.0,Tea leaves,2021,2021,kg/ha,9951.9,E,Estimated value,
QCL,Crops and livestock products,356,India,5412,Yield,1620.0,Tea leaves,2022,2022,kg/ha,10101.1,E,Estimated value,
QCL,Crops and livestock products,356,India,5412,Yield,1620.0,Tea leaves,2023,2023,kg/ha,10250.4,E,Estimated value,
QCL,Crops and livestock products,356,India,5412,Yield,1234.0,Tomatoes,2000,2000,kg/ha,16152.2,A,Official figure,
QCL,Crops and livestock products,356,India,5412,Yield,1234.0,Tomatoes,2001,2001,kg/ha,15739.1,A,Official figure,
QCL,Crops and livestock products,356,India,5412,Yield,1234.0,Tomatoes,2002,2002,kg/ha,16289.7,A,Official figure,
QCL,Crops and livestock products,356,India,5412,Yield,1234.0,Tomatoes,2003,2003,kg/ha,15907.9,A,Official figure,
QCL,Crops and livestock products,356,India,5412,Yield,1234.0,Tomatoes,2004,2004,kg/ha,16160.7,A,Official figure,
QCL,Crops and livestock products,356,India,5412,Yield,1234.0,Tomatoes,2005,2005,kg/ha,17462.2,A,Official figure,
QCL,Crops and livestock products,356,India,5412,Yield,1234.0,Tomatoes,2006,2006,kg/ha,17982.8,A,Official figure,
QCL,Crops and livestock products,356,India,5412,Yield,1234.0,Tomatoes,2007,2007,kg/ha,16870.8,A,Official figure,
QCL,Crops and livestock products,356,India,5412,Yield,1234.0,Tomatoes,2008,2008,kg/ha,18203.2,A,Official figure,
QCL,Crops and livestock products,356,India,5412,Yield,1234.0,Tomatoes,2009,2009,kg/ha,18609.2,A,Official figure,
QCL,Crops and livestock products,356,India,5412,Yield,1234.0,Tomatoes,2010,2010,kg/ha,19598.4,A,Official figure,
QCL,Crops and livestock products,356,India,5412,Yield,1234.0,Tomatoes,2011,2011,kg/ha,19105.2,A,Official figure,
QCL,Crops and livestock products,356,India,5412,Yield,1234.0,Tomatoes,2012,2012,kg/ha,20565.6,A,Official figure,
QCL,Crops and livestock products,356,India,5412,Yield,1234.0,Tomatoes,2013,2013,kg/ha,20712.5,A,Official figure,
QCL,Crops and livestock products,356,India,5412,Yield,1234.0,Tomatoes,2014,2014,kg/ha,21241.8,A,Official figure,
QCL,Crops and livestock products,356,India,5412,Yield,1234.0,Tomatoes,2015,2015,kg/ha,21362.5,A,Official figure,
QCL,Crops and livestock products,356,India,5412,Yield,1234.0,Tomatoes,2016,2016,kg/ha,24201.6,A,Official figure,
QCL,Crops and livestock products,356,India,5412,Yield,1234.0,Tomatoes,2017,2017,kg/ha,25982.4,A,Official figure,
QCL,Crops and livestock products,356,India,5412,Yield,1234.0,Tomatoes,2018,2018,kg/ha,25043.1,A,Official figure,
QCL,Crops and livestock products,356,India,5412,Yield,1234.0,Tomatoes,2019,2019,kg/ha,24336.7,A,Official figure,
QCL,Crops and livestock products,356,India,5412,Yield,1234.0,Tomatoes,2020,2020,kg/ha,25122.2,A,Official figure,
QCL,Crops and livestock products,356,India,5412,Yield,1234.0,Tomatoes,2021,2021,kg/ha,25066.3,A,Official figure,
QCL,Crops and livestock products,356,India,5412,Yield,1234.0,Tomatoes,2022,2022,kg/ha,24548.0,A,Official figure,
QCL,Crops and livestock products,356,India,5412,Yield,1234.0,Tomatoes,2023,2023,kg/ha,24057.7,A,Official figure,
QCL,Crops and livestock products,356,India,5412,Yield,1970.0,Unmanufactured tobacco,2000,2000,kg/ha,1199.8,A,Official figure,
QCL,Crops and livestock products,356,India,5412,Yield,1970.0,Unmanufactured tobacco,2001,2001,kg/ha,1307.7,A,Official figure,
QCL,Crops and livestock products,356,India,5412,Yield,1970.0,Unmanufactured tobacco,2002,2002,kg/ha,1571.4,A,Official figure,
QCL,Crops and livestock products,356,India,5412,Yield,1970.0,Unmanufactured tobacco,2003,2003,kg/ha,1484.8,A,Official figure,
QCL,Crops and livestock products,356,India,5412,Yield,1970.0,Unmanufactured tobacco,2004,2004,kg/ha,1487.4,A,Official figure,
QCL,Crops and livestock products,356,India,5412,Yield,1970.0,Unmanufactured tobacco,2005,2005,kg/ha,1498.2,A,Official figure,
QCL,Crops and livestock products,356,India,5412,Yield,1970.0,Unmanufactured tobacco,2006,2006,kg/ha,1481.2,A,Official figure,
QCL,Crops and livestock products,356,India,5412,Yield,1970.0,Unmanufactured tobacco,2007,2007,kg/ha,1405.4,A,Official figure,
QCL,Crops and livestock products,356,India,5412,Yield,1970.0,Unmanufactured tobacco,2008,2008,kg/ha,1400.0,A,Official figure,
QCL,Crops and livestock products,356,India,5412,Yield,1970.0,Unmanufactured tobacco,2009,2009,kg/ha,1594.2,A,Official figure,
QCL,Crops and livestock products,356,India,5412,Yield,1970.0,Unmanufactured tobacco,2010,2010,kg/ha,1553.1,A,Official figure,
QCL,Crops and livestock products,356,India,5412,Yield,1970.0,Unmanufactured tobacco,2011,2011,kg/ha,1693.9,A,Official figure,
QCL,Crops and livestock products,356,India,5412,Yield,1970.0,Unmanufactured tobacco,2012,2012,kg/ha,1782.6,A,Official figure,
QCL,Crops and livestock products,356,India,5412,Yield,1970.0,Unmanufactured tobacco,2013,2013,kg/ha,1716.1,E,Estimated value,
QCL,Crops and livestock products,356,India,5412,Yield,1970.0,Unmanufactured tobacco,2014,2014,kg/ha,1694.7,E,Estimated value,
QCL,Crops and livestock products,356,India,5412,Yield,1970.0,Unmanufactured tobacco,2015,2015,kg/ha,1712.5,E,Estimated value,
QCL,Crops and livestock products,356,India,5412,Yield,1970.0,Unmanufactured tobacco,2016,2016,kg/ha,1717.4,E,Estimated value,
QCL,Crops and livestock products,356,India,5412,Yield,1970.0,Unmanufactured tobacco,2017,2017,kg/ha,1724.0,E,Estimated value,
QCL,Crops and livestock products,356,India,5412,Yield,1970.0,Unmanufactured tobacco,2018,2018,kg/ha,1738.5,E,Estimated value,
QCL,Crops and livestock products,356,India,5412,Yield,1970.0,Unmanufactured tobacco,2019,2019,kg/ha,1754.3,E,Estimated value,
QCL,Crops and livestock products,356,India,5412,Yield,1970.0,Unmanufactured tobacco,2020,2020,kg/ha,1775.2,E,Estimated value,
QCL,Crops and livestock products,356,India,5412,Yield,1970.0,Unmanufactured tobacco,2021,2021,kg/ha,1793.7,E,Estimated value,
QCL,Crops and livestock products,356,India,5412,Yield,1970.0,Unmanufactured tobacco,2022,2022,kg/ha,1808.5,E,Estimated value,
QCL,Crops and livestock products,356,India,5412,Yield,1970.0,Unmanufactured tobacco,2023,2023,kg/ha,1823.4,E,Estimated value,
QCL,Crops and livestock products,356,India,5412,Yield,1376.0,"Walnuts, in shell",2000,2000,kg/ha,1026.5,X,Figure from external organization,
QCL,Crops and livestock products,356,India,5412,Yield,1376.0,"Walnuts, in shell",2001,2001,kg/ha,960.3,X,Figure from external organization,
QCL,Crops and livestock products,356,India,5412,Yield,1376.0,"Walnuts, in shell",2002,2002,kg/ha,993.4,X,Figure from external organization,
QCL,Crops and livestock products,356,India,5412,Yield,1376.0,"Walnuts, in shell",2003,2003,kg/ha,1016.4,X,Figure from external organization,
QCL,Crops and livestock products,356,India,5412,Yield,1376.0,"Walnuts, in shell",2004,2004,kg/ha,1114.8,X,Figure from external organization,
QCL,Crops and livestock products,356,India,5412,Yield,1376.0,"Walnuts, in shell",2005,2005,kg/ha,1039.0,X,Figure from external organization,
QCL,Crops and livestock products,356,India,5412,Yield,1376.0,"Walnuts, in shell",2006,2006,kg/ha,1168.8,X,Figure from external organization,
QCL,Crops and livestock products,356,India,5412,Yield,1376.0,"Walnuts, in shell",2007,2007,kg/ha,1071.4,X,Figure from external organization,
QCL,Crops and livestock products,356,India,5412,Yield,1376.0,"Walnuts, in shell",2008,2008,kg/ha,1201.3,X,Figure from external organization,
QCL,Crops and livestock products,356,India,5412,Yield,1376.0,"Walnuts, in shell",2009,2009,kg/ha,1168.8,X,Figure from external organization,
QCL,Crops and livestock products,356,India,5412,Yield,1376.0,"Walnuts, in shell",2010,2010,kg/ha,1233.8,X,Figure from external organization,
QCL,Crops and livestock products,356,India,5412,Yield,1376.0,"Walnuts, in shell",2011,2011,kg/ha,1168.8,X,Figure from external organization,
QCL,Crops and livestock products,356,India,5412,Yield,1376.0,"Walnuts, in shell",2012,2012,kg/ha,1269.8,X,Figure from external organization,
QCL,Crops and livestock products,356,India,5412,Yield,1376.0,"Walnuts, in shell",2013,2013,kg/ha,1161.3,X,Figure from external organization,
QCL,Crops and livestock products,356,India,5412,Yield,1376.0,"Walnuts, in shell",2014,2014,kg/ha,1387.1,X,Figure from external organization,
QCL,Crops and livestock products,356,India,5412,Yield,1376.0,"Walnuts, in shell",2015,2015,kg/ha,1129.0,X,Figure from external organization,
QCL,Crops and livestock products,356,India,5412,Yield,1376.0,"Walnuts, in shell",2016,2016,kg/ha,1064.5,X,Figure from external organization,
QCL,Crops and livestock products,356,India,5412,Yield,1221.0,Watermelons,2000,2000,kg/ha,12750.0,E,Estimated value,
QCL,Crops and livestock products,356,India,5412,Yield,1221.0,Watermelons,2001,2001,kg/ha,13094.0,E,Estimated value,
QCL,Crops and livestock products,356,India,5412,Yield,1221.0,Watermelons,2002,2002,kg/ha,13148.0,E,Estimated value,
QCL,Crops and livestock products,356,India,5412,Yield,1221.0,Watermelons,2003,2003,kg/ha,13205.3,E,Estimated value,
QCL,Crops and livestock products,356,India,5412,Yield,1221.0,Watermelons,2004,2004,kg/ha,13259.5,E,Estimated value,
QCL,Crops and livestock products,356,India,5412,Yield,1221.0,Watermelons,2005,2005,kg/ha,13410.3,E,Estimated value,
QCL,Crops and livestock products,356,India,5412,Yield,1221.0,Watermelons,2006,2006,kg/ha,13489.1,E,Estimated value,
QCL,Crops and livestock products,356,India,5412,Yield,1221.0,Watermelons,2007,2007,kg/ha,13569.1,E,Estimated value,
QCL,Crops and livestock products,356,India,5412,Yield,1221.0,Watermelons,2008,2008,kg/ha,13649.4,E,Estimated value,
QCL,Crops and livestock products,356,India,5412,Yield,1221.0,Watermelons,2009,2009,kg/ha,13729.0,E,Estimated value,
QCL,Crops and livestock products,356,India,5412,Yield,1221.0,Watermelons,2010,2010,kg/ha,13807.1,E,Estimated value,
QCL,Crops and livestock products,356,India,5412,Yield,1221.0,Watermelons,2011,2011,kg/ha,21313.1,A,Official figure,
QCL,Crops and livestock products,356,India,5412,Yield,1221.0,Watermelons,2012,2012,kg/ha,24323.9,A,Official figure,
QCL,Crops and livestock products,356,India,5412,Yield,1221.0,Watermelons,2013,2013,kg/ha,22086.4,A,Official figure,
QCL,Crops and livestock products,356,India,5412,Yield,1221.0,Watermelons,2014,2014,kg/ha,24133.3,A,Official figure,
QCL,Crops and livestock products,356,India,5412,Yield,1221.0,Watermelons,2015,2015,kg/ha,24101.1,A,Official figure,
QCL,Crops and livestock products,356,India,5412,Yield,1221.0,Watermelons,2016,2016,kg/ha,24473.7,A,Official figure,
QCL,Crops and livestock products,356,India,5412,Yield,1221.0,Watermelons,2017,2017,kg/ha,23978.0,A,Official figure,
QCL,Crops and livestock products,356,India,5412,Yield,1221.0,Watermelons,2018,2018,kg/ha,24950.5,A,Official figure,
QCL,Crops and livestock products,356,India,5412,Yield,1221.0,Watermelons,2019,2019,kg/ha,24950.0,A,Official figure,
QCL,Crops and livestock products,356,India,5412,Yield,1221.0,Watermelons,2020,2020,kg/ha,27215.5,A,Official figure,
QCL,Crops and livestock products,356,India,5412,Yield,1221.0,Watermelons,2021,2021,kg/ha,27344.5,A,Official figure,
QCL,Crops and livestock products,356,India,5412,Yield,1221.0,Watermelons,2022,2022,kg/ha,27566.7,A,Official figure,
QCL,Crops and livestock products,356,India,5412,Yield,1221.0,Watermelons,2023,2023,kg/ha,28777.8,A,Official figure,
QCL,Crops and livestock products,356,India,5412,Yield,111.0,Wheat,2000,2000,kg/ha,2778.5,A,Official figure,
QCL,Crops and livestock products,356,India,5412,Yield,111.0,Wheat,2001,2001,kg/ha,2708.1,A,Official figure,
QCL,Crops and livestock products,356,India,5412,Yield,111.0,Wheat,2002,2002,kg/ha,2762.1,A,Official figure,
QCL,Crops and livestock products,356,India,5412,Yield,111.0,Wheat,2003,2003,kg/ha,2610.0,A,Official figure,
QCL,Crops and livestock products,356,India,5412,Yield,111.0,Wheat,2004,2004,kg/ha,2713.2,A,Official figure,
QCL,Crops and livestock products,356,India,5412,Yield,111.0,Wheat,2005,2005,kg/ha,2601.6,A,Official figure,
QCL,Crops and livestock products,356,India,5412,Yield,111.0,Wheat,2006,2006,kg/ha,2618.8,A,Official figure,
QCL,Crops and livestock products,356,India,5412,Yield,111.0,Wheat,2007,2007,kg/ha,2707.9,A,Official figure,
QCL,Crops and livestock products,356,India,5412,Yield,111.0,Wheat,2008,2008,kg/ha,2802.2,A,Official figure,
QCL,Crops and livestock products,356,India,5412,Yield,111.0,Wheat,2009,2009,kg/ha,2907.1,A,Official figure,
QCL,Crops and livestock products,356,India,5412,Yield,111.0,Wheat,2010,2010,kg/ha,2839.5,A,Official figure,
QCL,Crops and livestock products,356,India,5412,Yield,111.0,Wheat,2011,2011,kg/ha,2988.6,A,Official figure,
QCL,Crops and livestock products,356,India,5412,Yield,111.0,Wheat,2012,2012,kg/ha,3177.5,A,Official figure,
QCL,Crops and livestock products,356,India,5412,Yield,111.0,Wheat,2013,2013,kg/ha,3153.8,A,Official figure,
QCL,Crops and livestock products,356,India,5412,Yield,111.0,Wheat,2014,2014,kg/ha,3145.7,A,Official figure,
QCL,Crops and livestock products,356,India,5412,Yield,111.0,Wheat,2015,2015,kg/ha,2749.6,A,Official figure,
QCL,Crops and livestock products,356,India,5412,Yield,111.0,Wheat,2016,2016,kg/ha,3033.9,A,Official figure,
QCL,Crops and livestock products,356,India,5412,Yield,111.0,Wheat,2017,2017,kg/ha,3199.9,A,Official figure,
QCL,Crops and livestock products,356,India,5412,Yield,111.0,Wheat,2018,2018,kg/ha,3368.2,A,Official figure,
QCL,Crops and livestock products,356,India,5412,Yield,111.0,Wheat,2019,2019,kg/ha,3533.4,A,Official figure,
QCL,Crops and livestock products,356,India,5412,Yield,111.0,Wheat,2020,2020,kg/ha,3439.8,A,Official figure,
QCL,Crops and livestock products,356,India,5412,Yield,111.0,Wheat,2021,2021,kg/ha,3520.8,A,Official figure,
QCL,Crops and livestock products,356,India,5412,Yield,111.0,Wheat,2022,2022,kg/ha,3537.3,A,Official figure,
QCL,Crops and livestock products,356,India,5412,Yield,111.0,Wheat,2023,2023,kg/ha,3520.7,A,Official figure,
